frame_time_s,rms,spectral_centroid_hz,spectral_bandwidth_hz,zcr,f0_hz
0,0,0,0,0,615.385
0.064,2.6974e-06,3114.06,2515.24,0.000976562,615.385
0.128,0.026462,1125.33,1329.28,0.0336914,476.794
0.192,0.0565905,1117.84,1384.14,0.0620117,65.862
0.256,0.0783564,1302.51,1666.23,0.0654297,65.9351
0.32,0.116478,1250.17,1530.01,0.0654297,65.8566
0.384,0.177091,927.387,1343.62,0.0610352,186.362
0.448,0.209553,1112.51,1641.92,0.0634766,69.3868
0.512,0.207488,1090.95,1620.86,0.0581055,199.735
0.576,0.197088,932.337,1459.97,0.050293,194.438
0.64,0.176502,972.786,1458.62,0.0498047,194.191
0.704,0.158526,914.158,1375.88,0.0527344,188.114
0.768,0.139275,725.952,1172.36,0.0527344,198.274
0.832,0.11895,685.246,1109.1,0.050293,199.845
0.896,0.106988,747.843,1169.49,0.0498047,203.649
0.96,0.0864704,713.974,1145.86,0.050293,197.856
1.024,0.077062,754.661,1171.78,0.0488281,201.3
1.088,0.0768921,820.891,1329.62,0.0473633,194.954
1.152,0.0791489,954.621,1524.41,0.0458984,196.656
1.216,0.0751393,854.574,1378.33,0.0463867,197.96
1.28,0.0763854,751.633,1244.22,0.0463867,68.8963
1.344,0.0779138,1784.26,2074.92,0.0498047,86.9342
1.408,0.070686,1254.89,1802.2,0.0546875,364.962
1.472,0.0821665,1252.74,1800.2,0.0625,197.334
1.536,0.139404,1255.1,1813.37,0.0664062,359.893
1.6,0.137636,1453.96,2015.35,0.0571289,176.577
1.664,0.0870462,1473.21,2050.94,0.0507812,180.785
1.728,0.0738015,1021.83,1618.55,0.0517578,182.578
1.792,0.0526714,1130.09,1669.93,0.0512695,182.496
1.856,0.0544764,1234.28,1732.35,0.0498047,181.787
1.92,0.0543387,1302.36,1915.97,0.0541992,87.5348
1.984,0.0478942,1361.78,1933.69,0.0541992,86.6124
2.048,0.0572616,1002.18,1561.98,0.0527344,182.643
2.112,0.138593,1169.39,1701.78,0.0600586,363.08
2.176,0.188189,1606.21,2029.45,0.0693359,174.267
2.24,0.182218,1685.94,2127.74,0.0654297,175.467
2.304,0.207998,1793.82,2137.85,0.0561523,173.879
2.368,0.21604,1715.67,2099.19,0.0639648,176.616
2.432,0.197753,1839.3,2141.28,0.074707,172.769
2.496,0.193539,1894.86,2202.05,0.0771484,176.079
2.56,0.183659,1906.46,2147.24,0.0776367,173.759
2.624,0.218621,1726.19,2047.51,0.0615234,175.005
2.688,0.23035,1328.01,1722.3,0.0615234,180.689
2.752,0.203767,1572.65,1871.68,0.0844727,204.877
2.816,0.206951,1498.75,1876.41,0.0732422,203.845
2.88,0.211372,1436,1847.12,0.0556641,194.878
2.944,0.191217,1374.98,1795.57,0.0649414,192.7
3.008,0.171938,1563.11,1901.31,0.0800781,186.397
3.072,0.159129,1482.59,1839.06,0.081543,87.5999
3.136,0.157542,1330.77,1767.88,0.0732422,88.0911
3.2,0.149431,1342.49,1804.75,0.0786133,77.2627
3.264,0.137399,1510.95,1757.96,0.0883789,90.5216
3.328,0.153043,1525.39,1935.79,0.0742188,69.7894
3.392,0.158195,1547.33,1958.04,0.0629883,136.502
3.456,0.161664,1673.13,2025.79,0.0649414,69.572
3.52,0.181985,1765.3,2005.12,0.0527344,69.4406
3.584,0.176598,1419.05,1860.4,0.0581055,138.761
3.648,0.152495,1557.6,1980.36,0.0737305,154.823
3.712,0.149816,1564.46,2012.64,0.0708008,174.935
3.776,0.143771,1598.01,2045.88,0.0644531,87.555
3.84,0.158908,1316.96,1838.42,0.0600586,87.172
3.904,0.16247,1575.43,2126.85,0.0625,83.9437
3.968,0.143795,1517.91,2013.7,0.0717773,82.7371
4.032,0.149411,1475.14,1965,0.0737305,82.8484
4.096,0.154806,1516.45,1885.03,0.0766602,65.8476
4.16,0.160132,1562.12,1989.26,0.0761719,65.7829
4.224,0.16389,1693.32,2128.24,0.0766602,82.6891
4.288,0.160528,1781.4,2176.25,0.0834961,82.7166
4.352,0.148337,1649.14,2076.71,0.0810547,82.6855
4.416,0.158337,1322.97,1754.68,0.0708008,165.582
4.48,0.166153,1482.74,1949.31,0.0688477,176.491
4.544,0.145228,1708.05,2063.01,0.0786133,174.514
4.608,0.124346,1650.95,2137.99,0.081543,82.5641
4.672,0.136668,1555.49,1926.75,0.0800781,165.815
4.736,0.153122,1463.8,1747.12,0.0830078,353.034
4.8,0.139934,2210.2,2370.75,0.081543,69.8454
4.864,0.162384,1442.76,1985.36,0.0634766,132.488
4.928,0.181529,1401.62,1966.15,0.0478516,130.67
4.992,0.181738,1098.51,1616.44,0.0478516,130.639
5.056,0.189047,1272.07,1863.92,0.0493164,130.53
5.12,0.185517,1336.05,1961.71,0.0493164,130.939
5.184,0.19157,1307.57,1926.41,0.0488281,131.113
5.248,0.182397,1250.66,1850.95,0.0478516,130.699
5.312,0.183736,1455.53,2008.42,0.0483398,131.085
5.376,0.202675,1303.62,1931.33,0.0483398,130.792
5.44,0.178773,1124.11,1760.12,0.0537109,127.647
5.504,0.158719,1345.88,1787.84,0.0458984,116.435
5.568,0.147117,941.46,1576.61,0.0327148,116.429
5.632,0.107082,1168.6,1850.97,0.0366211,213.628
5.696,0.0754263,1541.34,2121.69,0.0478516,199.807
5.76,0.0654923,1872.34,2286.68,0.0571289,182.671
5.824,0.0667859,1187.71,1845.74,0.0537109,183.808
5.888,0.0634645,833.682,1416.88,0.0444336,184.316
5.952,0.0638674,815.006,1388.3,0.0390625,200.673
6.016,0.0716356,858.207,1421.38,0.0366211,88.7613
6.08,0.0737134,811.553,1384.36,0.0336914,87.9097
6.144,0.115851,967.867,1391.12,0.0541992,87.3857
6.208,0.13977,1095.08,1504.47,0.065918,179.393
6.272,0.107127,1381.69,1788.24,0.0629883,178.253
6.336,0.0779044,1285.68,1699.87,0.0595703,177.042
6.4,0.0838374,934.64,1369.53,0.050293,87.9618
6.464,0.0927955,796.554,1262.02,0.0478516,88.1932
6.528,0.0880682,767.549,1185.56,0.0488281,87.9479
6.592,0.0652395,801.797,1243.58,0.0507812,177.822
6.656,0.0646594,802.424,1272.62,0.046875,176.529
6.72,0.088561,1491.95,1937.15,0.0473633,88.2162
6.784,0.108098,1511.77,1929.85,0.0629883,182.015
6.848,0.127059,2024.59,2224.28,0.078125,173.384
6.912,0.145526,1872.74,2155.59,0.0756836,174.566
6.976,0.138222,2201.16,2198.75,0.101562,175.257
7.04,0.148114,2280.09,2188.5,0.0947266,174.81
7.104,0.157771,1950.35,2097.01,0.0620117,175.585
7.168,0.163768,1643.94,2000.58,0.0688477,174.382
7.232,0.164046,1786.08,1957.92,0.0776367,175.881
7.296,0.160563,2396.28,2155.9,0.11377,174.018
7.36,0.162771,2007.79,2102.1,0.12207,181.946
7.424,0.139793,1826.2,1959.62,0.0893555,181.734
7.488,0.123927,1478.07,1724.62,0.0952148,94.1907
7.552,0.114021,1448.83,1636.44,0.0986328,70.1133
7.616,0.100627,1223.99,1508.79,0.081543,70.057
7.68,0.121826,1231.76,1533.82,0.0800781,70.0243
7.744,0.157029,2460.46,2240.63,0.166504,128.478
7.808,0.154875,3104.02,2426.06,0.210938,137.203
7.872,0.14861,2291.53,2320.61,0.129395,139.694
7.936,0.143661,1400.45,1682.99,0.0883789,69.9689
8,0.126647,1011.62,1330.95,0.0839844,136.423
8.064,0.102422,1026.12,1303.88,0.0976562,66.1762
8.128,0.153238,1083.83,1441.58,0.100098,70.0402
8.192,0.214149,2221.01,2246.51,0.0722656,187.92
8.256,0.189381,2692.82,2509.26,0.0527344,174.291
8.32,0.125096,1718.18,2126.21,0.0551758,87.9318
8.384,0.0885184,1215.95,1684.12,0.0581055,88.0097
8.448,0.104791,792.708,1178.05,0.0527344,87.7555
8.512,0.14923,732.932,1058.93,0.0488281,66.4669
8.576,0.162503,1279.2,1875.94,0.0454102,65.8064
8.64,0.16283,1746.21,2199.99,0.0405273,65.6269
8.704,0.17247,683.94,1170.74,0.0351562,65.8124
8.768,0.17236,568.182,938.597,0.0366211,66.0309
8.832,0.157898,626.605,998.654,0.0463867,66.2055
8.896,0.144189,636.136,962.863,0.0507812,66.0657
8.96,0.138498,630.91,954.117,0.0473633,65.9629
9.024,0.157546,1628.44,1934.56,0.112793,65.8726
9.088,0.153343,2743.81,2279.94,0.157715,65.7922
9.152,0.122547,2358.84,2427.27,0.0986328,66.2968
9.216,0.117622,1190.73,1796.19,0.0458984,65.7004
9.28,0.114828,755.254,1277.21,0.0405273,65.7986
9.344,0.154306,1187.26,1502.09,0.0546875,65.3475
9.408,0.183646,1233.21,1648.55,0.0551758,69.1428
9.472,0.182805,1069.38,1674.21,0.0493164,206.791
9.536,0.160246,1065.02,1681.08,0.0478516,65.5506
9.6,0.13566,992.768,1533.31,0.0463867,209.225
9.664,0.135013,918.232,1506.74,0.046875,202.376
9.728,0.127539,1022.56,1654.56,0.0483398,84.4668
9.792,0.134225,1043.56,1674.17,0.0498047,84.4567
9.856,0.132536,973.529,1606.13,0.0493164,68.8724
9.92,0.116034,873.511,1472.8,0.0439453,68.3628
9.984,0.101805,721.183,1234.76,0.0385742,86.0805
10.048,0.177398,1429.45,2019.43,0.0551758,225.031
10.112,0.1842,2189.47,2285.32,0.0878906,225.31
10.176,0.116719,1772.23,2167.36,0.0742188,227.701
10.24,0.114516,986.014,1571.2,0.0419922,68.2081
10.304,0.102101,764.685,1276.09,0.0351562,134.036
10.368,0.0908267,702.804,1193.63,0.034668,87.011
10.432,0.0942291,721.912,1245.3,0.0361328,87.002
10.496,0.198075,1703.27,1955.9,0.0380859,202.968
10.56,0.229459,1872.77,2218.86,0.0336914,177.011
10.624,0.170488,1276.97,1924.98,0.0239258,174.767
10.688,0.111278,927.596,1546.08,0.03125,176.342
10.752,0.0510687,1048.11,1569.62,0.0620117,87.0556
10.816,0.0977914,2003.1,1983.75,0.0932617,178.937
10.88,0.11369,2197.3,2202.21,0.12207,194.877
10.944,0.0906174,2444.93,2175.3,0.177734,91.4638
11.008,0.0963131,2456.37,2063.07,0.203613,255.112
11.072,0.143179,1599.26,1926.93,0.131836,199.89
11.136,0.147404,2017.48,2067.42,0.120605,139.907
11.2,0.118227,2190.01,2015.75,0.171875,130.484
11.264,0.113309,2356.03,2069.41,0.185059,263.141
11.328,0.136082,2221.9,2073.89,0.200195,271.434
11.392,0.141382,2866.55,2172.56,0.211914,183.139
11.456,0.111362,2887.22,2369.51,0.223145,131.176
11.52,0.0963296,2627.57,2293.44,0.196777,130.959
11.584,0.110175,1999.62,2021.83,0.125,261.915
11.648,0.165206,1463.29,1844.49,0.0737305,131.375
11.712,0.194755,1444.65,1816,0.0610352,235.328
11.776,0.187626,1307.3,1778.06,0.0522461,236.885
11.84,0.156998,1375.68,1712.05,0.0424805,65.5294
11.904,0.14338,1560.3,1822.93,0.0917969,253.841
11.968,0.175287,2572.74,1982.58,0.141602,246.79
12.032,0.173159,1911.61,2021.88,0.124512,93.2963
12.096,0.146711,1798.98,1910.28,0.102539,264.001
12.16,0.135146,1579.41,1651.8,0.113281,243.634
12.224,0.127006,1361.38,1484.84,0.115234,70.0461
12.288,0.118308,1152.99,1382.65,0.0932617,69.9925
12.352,0.15198,1256.33,1642.77,0.119629,69.9945
12.416,0.160888,3109.48,2246.87,0.219238,228.04
12.48,0.133852,3050.3,2435.89,0.220215,141.307
12.544,0.132727,2047.44,2147.99,0.129395,70.0506
12.608,0.125479,1382.91,1639.57,0.0859375,70.1067
12.672,0.115829,956.692,1327.51,0.0708008,132.463
12.736,0.100547,1164.5,1416.17,0.0776367,131.535
12.8,0.164945,1779.88,1997.08,0.0874023,70.0052
12.864,0.202359,2654.58,2286.05,0.0922852,184.011
12.928,0.170144,2378.72,2407.26,0.0649414,87.8685
12.992,0.124418,1554.59,2005.11,0.0429688,88.6182
13.056,0.081269,1175.59,1641,0.0449219,88.074
13.12,0.13546,686.314,1005.44,0.0419922,137.011
13.184,0.183165,632.162,955.996,0.0366211,65.8229
13.248,0.176447,661.263,1036.69,0.0332031,65.7671
13.312,0.152651,700.199,1142.96,0.0375977,65.8605
13.376,0.161156,612.902,1069.28,0.0405273,65.9958
13.44,0.168806,680.91,1028.48,0.0498047,66.2897
13.504,0.15108,686.512,1027.08,0.0610352,66.2029
13.568,0.15613,671.756,1020.21,0.0566406,66.0534
13.632,0.161936,622.703,982.399,0.0463867,65.9526
13.696,0.159649,2732.28,2237.51,0.135742,65.7645
13.76,0.166482,2723.46,2410.36,0.164551,65.39
13.824,0.161634,1840.25,2259.21,0.078125,65.5578
13.888,0.149543,918.448,1559.99,0.0473633,65.5718
13.952,0.13937,751.176,1287.36,0.0463867,65.8235
14.016,0.185496,1309.23,1642.57,0.0537109,66.1013
14.08,0.221973,1244.12,1806.05,0.0507812,69.1241
14.144,0.224003,1197.38,1804.31,0.0517578,202.509
14.208,0.199715,1192.99,1829.5,0.0512695,197.656
14.272,0.173348,1086.42,1724.21,0.0454102,197.326
14.336,0.159471,984.579,1606.95,0.0551758,203.702
14.4,0.140574,1179.97,1758.44,0.0600586,201.242
14.464,0.149436,909.873,1399.58,0.0517578,206.16
14.528,0.140014,864.902,1309.04,0.0512695,206.713
14.592,0.12227,783.841,1276.12,0.0517578,69.7135
14.656,0.131906,784.283,1257.37,0.0478516,84.2686
14.72,0.171491,1562.06,2002.34,0.0732422,213.241
14.784,0.161913,2433.32,2342.44,0.103027,220.008
14.848,0.111816,1797.49,2166.71,0.0751953,215.444
14.912,0.0993797,1011.97,1575,0.0512695,87.424
14.976,0.0899696,1364.96,1992.26,0.0498047,66.932
15.04,0.0783911,912.85,1525.63,0.0424805,130.963
15.104,0.136444,889.861,1432.51,0.050293,86.0539
15.168,0.200419,2007.98,2238.15,0.0527344,198.785
15.232,0.191356,2353.98,2464.53,0.0439453,175.653
15.296,0.133516,1590.97,2119.67,0.0327148,177.563
15.36,0.079187,1207.84,1807.23,0.0366211,88.3636
15.424,0.104824,1840.88,1898.77,0.0810547,86.6945
15.488,0.121823,2164.88,2075.3,0.135254,203.851
15.552,0.0869027,2081.43,1991.53,0.137207,193.083
15.616,0.112548,1988,1899.46,0.131836,93.3253
15.68,0.136174,2355.77,2091.36,0.14209,119.324
15.744,0.134159,1610.4,1950.49,0.0957031,66.2384
15.808,0.134942,1727.14,1877.03,0.10791,138.31
15.872,0.13148,2322.44,2030.43,0.168945,615.385
15.936,0.119073,2226.81,2059.45,0.145508,61.0545
16,0.132652,1837.19,1939.33,0.126953,615.385
16.064,0.135576,2451.39,2191.23,0.167969,211.676
16.128,0.10909,2530.88,2172.57,0.166992,70.4732
16.192,0.091205,1938.89,1899.41,0.129883,615.385
16.256,0.100355,1636.77,1698.26,0.106934,211.407
16.32,0.129922,1396.44,1603.94,0.0756836,615.385
16.384,0.121067,1070.01,1383.9,0.0649414,66.78
16.448,0.079046,1021.07,1282.3,0.0678711,94.3011
16.512,0.0516022,905.575,1227.32,0.0600586,90.8503
16.576,0.112797,1483.59,2192.96,0.0913086,143.71
16.64,0.125249,2970.97,2846.88,0.148926,202.039
16.704,0.0876736,2769.09,2848.29,0.127441,204.557
16.768,0.0884247,1184.16,2020.16,0.0610352,194.298
16.832,0.0810872,801.221,1460.73,0.0375977,206.275
16.896,0.1215,3067.64,2324.83,0.131836,224.358
16.96,0.154975,2006.71,2195.02,0.187988,229.178
17.024,0.148019,3019.06,2418.06,0.292969,238.174
17.088,0.122347,4104.21,2223.74,0.403809,232.45
17.152,0.0901656,3665.66,2408.06,0.282227,231.897
17.216,0.133083,1930.34,1932.24,0.153809,237.07
17.28,0.199458,1764.01,2047.18,0.0849609,232.916
17.344,0.23982,1397.45,1822.34,0.0551758,229.747
17.408,0.232595,1480.12,1951.71,0.0581055,208.063
17.472,0.219088,2059.55,2445.51,0.0742188,206.285
17.536,0.244894,1561.29,2107.51,0.0668945,197.375
17.6,0.22061,1310.74,1828.49,0.0561523,196.392
17.664,0.17887,1566.42,1989.29,0.0742188,195.886
17.728,0.181773,1488.61,2002.86,0.0639648,208.146
17.792,0.235472,1163.1,1786.63,0.0473633,194.165
17.856,0.233243,1870.77,2316.42,0.0859375,194.979
17.92,0.176475,2479.79,2491.56,0.0922852,192.284
17.984,0.18348,1373.66,2009.57,0.0742188,194.353
18.048,0.197356,2546.79,2645.56,0.0927734,194.494
18.112,0.252585,1551.93,2159.15,0.0751953,196.85
18.176,0.269258,1241.1,1741.59,0.0649414,196.443
18.24,0.231009,1463.06,1769.56,0.0898438,210.467
18.304,0.207047,1827.79,2080.53,0.0942383,233.287
18.368,0.20212,1602.73,2043.23,0.0849609,233.112
18.432,0.220914,1411.32,1973.06,0.0664062,213.925
18.496,0.245027,1128.48,1689.32,0.050293,207.86
18.56,0.26192,1021.57,1619.41,0.0488281,197.687
18.624,0.232205,977.952,1574.51,0.0556641,196.168
18.688,0.193502,1658.33,1841.26,0.059082,190.956
18.752,0.171423,1259.28,1820.8,0.0551758,180.017
18.816,0.114605,1134.11,1624.89,0.0546875,365.297
18.88,0.0874703,879.092,1259.2,0.0620117,216.291
18.944,0.082726,878.456,1202.8,0.0625,356.01
19.008,0.0825467,751.589,1064.65,0.0551758,204.621
19.072,0.0828651,768.972,1095.14,0.0517578,393.79
19.136,0.0753959,836.511,1243.75,0.0517578,197.411
19.2,0.094472,799.164,1194.65,0.0507812,387.034
19.264,0.0923114,756.986,1116,0.0512695,98.8416
19.328,0.059022,790.015,1147.47,0.0556641,98.1247
19.392,0.0458776,841.442,1252.8,0.0537109,210.433
19.456,0.0477928,2284.77,2345.01,0.177734,381.173
19.52,0.100496,4558.06,2080.67,0.375,350.182
19.584,0.126703,2383.72,2427.86,0.305664,94.6791
19.648,0.15967,2148.48,2291.55,0.120117,289.783
19.712,0.242523,1749.58,2093.04,0.050293,200.317
19.776,0.263008,1677.38,2113.5,0.0302734,208.842
19.84,0.237482,1672.47,1932.08,0.0512695,205.521
19.904,0.228422,1731.62,2178.75,0.0654297,206.785
19.968,0.247898,1503.95,2075.7,0.0522461,199.495
20.032,0.263712,1622.91,2086.22,0.0473633,207.289
20.096,0.260711,1803.26,2139.44,0.046875,207.783
20.16,0.264932,1504.44,2029.56,0.0444336,203.966
20.224,0.241579,1484.13,2154.48,0.0483398,196.694
20.288,0.237577,1460.04,2081.59,0.0488281,194.058
20.352,0.217347,1385.13,2042.56,0.0415039,195.845
20.416,0.185053,2593.21,2356.54,0.0898438,195.989
20.48,0.194293,1685.34,2226.38,0.0947266,196.417
20.544,0.22022,1535.55,2020.65,0.0522461,195.555
20.608,0.257129,1317.79,1978.98,0.0551758,196.738
20.672,0.256093,1218.94,1887.82,0.0498047,196.18
20.736,0.239823,997.888,1577.76,0.0429688,195.915
20.8,0.23417,1045.76,1663.5,0.0361328,206.673
20.864,0.239965,1141.82,1782.82,0.0332031,230.752
20.928,0.216463,1217.13,1856.73,0.0356445,232.115
20.992,0.15356,2999.78,2426.01,0.116211,223.995
21.056,0.131415,2230.67,2489.26,0.133789,195.138
21.12,0.170469,1771.12,2260.53,0.059082,69.5394
21.184,0.192811,1744.69,2184.61,0.0395508,138.437
21.248,0.174232,1633.06,2227,0.0864258,138.923
21.312,0.161897,2567.63,2718.13,0.125488,68.4476
21.376,0.167567,1889.31,2420.31,0.09375,66.2179
21.44,0.162368,1722.99,2257.18,0.0629883,130.397
21.504,0.158225,1485.91,2132.14,0.0444336,129.707
21.568,0.155442,1038.38,1734.5,0.034668,245.791
21.632,0.130441,874.115,1467.09,0.0493164,65.4722
21.696,0.120009,3508.47,2257.64,0.246582,131.636
21.76,0.121088,3820.07,2370.58,0.325195,134.51
21.824,0.106207,2812.54,2515.12,0.139648,129.042
21.888,0.0971875,1635.01,2129.92,0.0498047,130.604
21.952,0.100904,1064.24,1707.11,0.0385742,87.5086
22.016,0.105248,810.674,1404.86,0.0366211,259.498
22.08,0.101921,1478.29,2079.43,0.0957031,86.9132
22.144,0.124765,3428.46,2383.39,0.169922,131.064
22.208,0.123293,3631.46,2594.36,0.149902,163.254
22.272,0.0842308,2578.41,2552.02,0.0878906,172.861
22.336,0.0583431,1616.9,2178.66,0.0527344,86.7985
22.4,0.143215,1925.34,2392.1,0.0419922,65.8981
22.464,0.192465,1425.9,2278.33,0.0439453,191.991
22.528,0.138065,1585.35,2309.04,0.0454102,189.355
22.592,0.0435948,1162.75,1843.91,0.0390625,190.658
22.656,0.0593428,1221.78,1873.05,0.0766602,219.389
22.72,0.207387,3533.08,2908.37,0.0849609,215.895
22.784,0.237812,3030.94,3005.73,0.0493164,190.194
22.848,0.147028,2364.45,2782.18,0.0410156,191.193
22.912,0.0861358,1675.53,2259.31,0.0366211,194.336
22.976,0.0883624,3034.48,2305.14,0.146973,64.5166
23.04,0.1054,3651.76,2340.86,0.282715,146.916
23.104,0.0783828,3586.77,2441.24,0.275879,71.7083
23.168,0.0413307,2684.33,2471.21,0.154297,66.6873
23.232,0.0416508,1729.04,2155.02,0.0556641,132.262
23.296,0.0472183,2993.21,2629.47,0.125488,132.714
23.36,0.0458101,4241.19,2438.5,0.283691,263.033
23.424,0.0389519,4235.01,2388.27,0.347168,131.165
23.488,0.0364181,4368,2404.47,0.271973,89.3014
23.552,0.107959,2272.15,2590.13,0.177246,88.3624
23.616,0.126875,2576.92,2669.48,0.175293,198.863
23.68,0.0784414,3203.45,2897.44,0.175781,196.345
23.744,0.037231,2408.28,2607.4,0.12207,64.0183
23.808,0.0248908,1617.18,2185.25,0.0756836,67.1701
23.872,0.0254202,1374.99,1952.6,0.046875,66.211
23.936,0.0296701,1327.33,1931.02,0.0366211,66.1429
24,0.0813885,3330.66,2172.59,0.17041,87.0781
24.064,0.0983302,3805.11,2194.92,0.390625,238.848
24.128,0.0722816,4026.53,2343.52,0.320801,239.257
24.192,0.0492764,2936.11,2461.95,0.108398,86.569
24.256,0.0331559,1896.12,2205.76,0.043457,87.7799
24.32,0.0294534,1285.9,1923.47,0.0385742,88.2127
24.384,0.0361154,1029.05,1780.96,0.0361328,87.4506
24.448,0.129608,3316.68,2451.62,0.120117,263.815
24.512,0.173446,3261.95,2675.1,0.138672,168.642
24.576,0.130238,3052.29,2717.17,0.0766602,176.113
24.64,0.0605075,2366.13,2554.39,0.0615234,172.707
24.704,0.0992149,1597.03,2190.55,0.0498047,86.7745
24.768,0.215409,1025.14,1828.76,0.0429688,190.772
24.832,0.200409,1360.65,2234.43,0.0283203,190.566
24.896,0.0602239,1165.11,1940.51,0.0361328,194.011
24.96,0.0441571,1674.08,2186.28,0.0532227,89.0383
25.024,0.193467,3284,2890.18,0.0961914,65.1458
25.088,0.246323,2822.83,2963.53,0.0878906,196.685
25.152,0.186941,2883.68,2967.15,0.0410156,191.399
25.216,0.106966,1856.57,2521.9,0.0317383,192.956
25.28,0.0787873,2174.26,2361.3,0.0712891,188.561
25.344,0.105337,3111.97,2342.57,0.208984,190.855
25.408,0.0887371,3636.33,2408.28,0.318848,70.6384
25.472,0.0556492,3420.17,2293.83,0.317383,68.6158
25.536,0.0440413,3085.65,2483.82,0.207031,145.646
25.6,0.127699,1272.2,1766.24,0.090332,133.433
25.664,0.156899,1623.34,1850.77,0.0834961,94.7102
25.728,0.153937,1626.41,2018.88,0.0864258,95.2059
25.792,0.189542,2112.68,1995.79,0.103027,208.955
25.856,0.220411,2946.73,2342.01,0.117676,261.929
25.92,0.189313,2296.69,2394.75,0.181152,260.711
25.984,0.1594,3069.2,2571.21,0.190918,117.734
26.048,0.187579,2787.06,2401.48,0.12207,261.602
26.112,0.21907,2838.26,2523.17,0.0888672,227.942
26.176,0.242926,2201.89,2480.66,0.0551758,232.687
26.24,0.241816,1903.89,2337.36,0.0566406,233.618
26.304,0.235525,1805.57,2210.82,0.0703125,232.936
26.368,0.22322,2811.25,2344.05,0.0942383,234.204
26.432,0.203558,2421.12,2475.52,0.0986328,234.091
26.496,0.157964,2665.08,2654.62,0.123047,232.253
26.56,0.164811,2570.64,2623.73,0.108398,233.348
26.624,0.227324,2307.81,2311.49,0.0561523,236.484
26.688,0.238549,1984.95,2270.25,0.0439453,216.702
26.752,0.200123,2305.79,2466.03,0.103027,210.795
26.816,0.194162,3209.09,2595.17,0.129395,218.603
26.88,0.221906,2087.45,2505.65,0.0664062,201.974
26.944,0.214225,1774.06,2067.95,0.046875,207.812
27.008,0.19245,2105.95,2314.53,0.107422,208.825
27.072,0.207597,3728.14,2647.44,0.151367,208.187
27.136,0.231187,2918.52,2559.37,0.0961914,195.658
27.2,0.22614,2201.75,2162.2,0.0761719,194.431
27.264,0.213137,2034.71,2095.82,0.0966797,195.701
27.328,0.212898,1900.05,2193.74,0.102539,196.377
27.392,0.214728,3128.63,2746.06,0.12207,196.713
27.456,0.173919,3400.08,2703.62,0.167969,194.625
27.52,0.108782,3332.3,2544.37,0.183105,195.477
27.584,0.0856483,2589.06,2505.12,0.143555,196.931
27.648,0.116143,3268.53,2339.08,0.241211,197.17
27.712,0.170561,3161.58,2367.49,0.244629,70.5739
27.776,0.224955,2128.67,2208.76,0.0952148,207.725
27.84,0.245482,1612.27,1989.22,0.0620117,198.822
27.904,0.204275,2513.76,2438.63,0.171875,196.632
27.968,0.145341,4365.33,2410.24,0.300293,195.152
28.032,0.117718,3805.9,2662.03,0.291016,194.095
28.096,0.0987339,3726.82,2586.21,0.307617,184.15
28.16,0.0851484,4009.9,2498.54,0.337402,196.814
28.224,0.147503,2534.33,2652.48,0.231445,197.206
28.288,0.152128,2600.9,2672.47,0.184082,200.786
28.352,0.0932876,2744.92,2728.23,0.176758,204.743
28.416,0.128774,2293.28,2114.03,0.137695,207.277
28.48,0.128706,3786.47,2603.27,0.346191,191.443
28.544,0.101394,4468.01,2553.35,0.428223,194.591
28.608,0.127329,2271.13,2559.63,0.186523,65.0531
28.672,0.143975,3121.98,2210.98,0.189453,131.026
28.736,0.139947,3723.41,2327.8,0.27002,65.3015
28.8,0.11753,3323.19,2410.64,0.208008,129.098
28.864,0.16302,2476.05,2433.4,0.133301,130.951
28.928,0.166718,1704.93,2240.63,0.0922852,187.648
28.992,0.0953786,2275.17,2426.57,0.0961914,189.11
29.056,0.0695493,1506.29,1975.8,0.0883789,197.221
29.12,0.153815,3121.98,2349.05,0.127441,205.151
29.184,0.192719,2856.71,2527.88,0.11084,192.292
29.248,0.185747,2887.61,2611.59,0.0766602,204.261
29.312,0.20887,1967.73,2341.16,0.0771484,207.068
29.376,0.2532,1685.65,2043.96,0.0488281,207.347
29.44,0.263186,1256.54,1898.45,0.0458984,197.215
29.504,0.210301,1855.74,2187.15,0.0688477,196.684
29.568,0.134829,2089.83,2361.47,0.0732422,196.298
29.632,0.105731,1432.72,1878.22,0.050293,200.625
29.696,0.199384,3128.11,2611.66,0.0839844,191.39
29.76,0.234184,2775.83,2634.05,0.102051,195.186
29.824,0.198912,2778.31,2570.95,0.0664062,196.649
29.888,0.216583,1141.37,1677.87,0.0571289,196.203
29.952,0.215125,1551.46,1985.98,0.0908203,196.081
30.016,0.15463,2880.02,2225.54,0.23584,193.594
30.08,0.103175,3555.72,2426.58,0.290039,139.245
30.144,0.074577,2622.42,2400.7,0.178223,65.5571
30.208,0.0566701,2167.17,2251.01,0.112305,197.624
30.272,0.102863,2568.72,2186.42,0.159668,195.882
30.336,0.164958,2243.97,2356.97,0.161133,140.937
30.4,0.151901,2168.31,2469.74,0.100098,132.831
30.464,0.0892442,2113.06,2357.55,0.0869141,93.2239
30.528,0.125356,1357.97,1810.39,0.0766602,137.523
30.592,0.166889,1679.07,2188.99,0.0942383,209.705
30.656,0.165788,2042.07,2368.19,0.103027,214.811
30.72,0.151771,1797.55,2122.9,0.0883789,226.156
30.784,0.139488,1765.12,2088.81,0.0727539,224.952
30.848,0.125658,1557.51,2033.67,0.0429688,229.45
30.912,0.110611,1312.41,1870.73,0.0375977,223.299
30.976,0.117944,2320.97,2342.18,0.143066,222.418
31.04,0.125241,3634.16,2234.36,0.334473,122.115
31.104,0.108582,3726.16,2492.79,0.32373,86.9537
31.168,0.0915146,2443.67,2408.05,0.135254,87.81
31.232,0.0921259,1387.94,1972.97,0.0415039,188.098
31.296,0.0979551,886.446,1491.97,0.0297852,87.7797
31.36,0.105956,645.728,1192.23,0.0268555,86.5749
31.424,0.153609,2753.38,2504.53,0.0766602,243.028
31.488,0.181854,2506.35,2338.71,0.147461,206.622
31.552,0.162722,2315.01,2256.67,0.150879,205.259
31.616,0.143864,1933.89,1998.39,0.103516,89.8311
31.68,0.134593,1545.66,1839.67,0.0737305,257.88
31.744,0.207942,1714.73,2027.34,0.0639648,240.001
31.808,0.212144,2074.64,2245.24,0.078125,199.126
31.872,0.142528,1952.32,2121,0.0800781,202.03
31.936,0.116509,1580.55,1854.63,0.0639648,199.583
32,0.159076,2556.32,2434.65,0.097168,202.503
32.064,0.202963,2771.24,2570.7,0.122559,204.761
32.128,0.163129,2663.65,2576.59,0.109863,199.038
32.192,0.102712,1767.3,2114.82,0.081543,219.77
32.256,0.0823802,1354.36,1816.46,0.0654297,237.625
32.32,0.11959,2812.48,2266.35,0.184082,237.831
32.384,0.117231,3708.27,2428.82,0.300293,68.9595
32.448,0.0604653,3170.82,2430.63,0.232422,68.0714
32.512,0.0352543,2054.55,2223.18,0.116699,143.047
32.576,0.0551742,1432.75,1905.08,0.074707,200.241
32.64,0.137816,2112.49,2371.85,0.0810547,206.01
32.704,0.139277,2944.71,2655.9,0.222168,73.3686
32.768,0.074816,3848.41,2590.14,0.32373,204.771
32.832,0.0742943,3805.84,2661.99,0.256348,218.225
32.896,0.150861,2082.47,2478.89,0.165039,235.945
32.96,0.156609,2934.49,2756.31,0.17041,197.524
33.024,0.0841772,2497.18,2682.03,0.146973,213.054
33.088,0.0596058,1593.43,2244.89,0.0483398,238.302
33.152,0.0402812,1044.97,1712.04,0.0405273,257.252
33.216,0.0612339,1006.69,1681.92,0.0332031,236.74
33.28,0.0796687,2694.67,2484.23,0.141113,239.217
33.344,0.109893,3563.17,2043.75,0.364258,238.658
33.408,0.109998,4070.36,2158.91,0.474609,70.7421
33.472,0.129868,3289.45,2404.1,0.310547,219.197
33.536,0.164616,1909.27,1952.97,0.143555,592.623
33.6,0.202291,1866.41,2215.15,0.0966797,217.328
33.664,0.233162,2204.6,2118.17,0.0703125,236.795
33.728,0.200756,2788.98,2489.14,0.151367,262.491
33.792,0.168534,3069.38,2460.87,0.209961,232.987
33.856,0.164053,3105.39,2479.8,0.172852,87.0824
33.92,0.174182,1816.77,1944.95,0.135254,259.858
33.984,0.177209,2315.09,2023.19,0.150879,131.316
34.048,0.188944,1999.19,2064.29,0.124023,263.031
34.112,0.197511,2033.35,2282.42,0.0678711,198.641
34.176,0.19053,1811.36,2159.3,0.0546875,212.283
34.24,0.185463,1647.61,1807.6,0.0668945,218.615
34.304,0.182623,2108.02,2280.41,0.0820312,232.937
34.368,0.214546,2158.67,2484.31,0.0883789,225.516
34.432,0.218954,2441.52,2482.13,0.0996094,219.811
34.496,0.223193,1802.33,2071.03,0.0898438,231.785
34.56,0.234747,1810.8,2024.62,0.0849609,232.712
34.624,0.202536,3060.57,2509.7,0.176758,232.387
34.688,0.180116,3003.34,2344.93,0.218262,232.229
34.752,0.184884,2697.4,2429.2,0.18457,232.374
34.816,0.187609,3504.93,2575.41,0.213379,231.683
34.88,0.179386,2824.79,2206.8,0.212891,277.099
34.944,0.169048,2466.71,2183.52,0.152344,275.24
35.008,0.18466,2214.49,1899.12,0.100586,276.488
35.072,0.22619,2078.47,1986.76,0.0732422,247.353
35.136,0.254695,2110.17,2132.67,0.0571289,233.009
35.2,0.238087,1756.74,2079.57,0.0976562,233.528
35.264,0.201504,2738.6,2206.28,0.219238,222.319
35.328,0.170051,2990.05,2128.59,0.247559,262.544
35.392,0.152299,2250.3,2089.53,0.166992,260.775
35.456,0.130776,1999.06,1960.1,0.133789,260.684
35.52,0.108413,1724.93,1791.02,0.121094,261.722
35.584,0.103652,1670.68,1703.89,0.119141,262.501
35.648,0.130771,2819.29,2188.74,0.188477,260.77
35.712,0.151368,2930.85,2388.46,0.23584,117.715
35.776,0.138549,2724.13,2432.42,0.164062,112.845
35.84,0.15649,1469.2,1857.26,0.0878906,71.4666
35.904,0.172386,1028.3,1324.09,0.0595703,405.749
35.968,0.12863,1202.1,1397.84,0.0693359,206.821
36.032,0.0692827,1355.52,1446.79,0.0947266,131.084
36.096,0.146937,2932.65,2516.31,0.124023,132.996
36.16,0.201774,2281.95,2357.27,0.12207,175.954
36.224,0.205365,1650.5,2042.96,0.0883789,175.102
36.288,0.21717,1497.58,1771.95,0.0581055,178.156
36.352,0.221139,1704.54,2315.21,0.0454102,208.536
36.416,0.209621,1407.14,2109.25,0.0571289,207.449
36.48,0.19741,1919.5,2137.97,0.0805664,213.166
36.544,0.219053,2040.82,2289.74,0.0825195,225.328
36.608,0.272631,1986.28,2277.33,0.0488281,234.7
36.672,0.273719,2213.61,2391.38,0.0629883,232.916
36.736,0.22386,2328.29,2533.45,0.081543,230.131
36.8,0.19241,1870.54,2272.13,0.0537109,233.144
36.864,0.165862,1605.11,2070.3,0.0419922,232.103
36.928,0.158137,1437.52,1935.71,0.0605469,233.154
36.992,0.155028,2855.4,2269.26,0.185547,228.687
37.056,0.118614,3521.43,2490.68,0.263184,73.0482
37.12,0.1354,2351.01,2341.61,0.131836,229.295
37.184,0.131778,1333.32,1820.92,0.0400391,234.657
37.248,0.135968,1177.9,1690.3,0.0488281,117.04
37.312,0.205535,1460.6,2011.39,0.0561523,206.403
37.376,0.213444,2109.14,2290.74,0.0898438,207.315
37.44,0.216088,2405.9,2200.51,0.101074,231.523
37.504,0.273193,2321.43,2380.28,0.0605469,234.437
37.568,0.270287,1575.3,2114.37,0.0488281,231.618
37.632,0.228399,2005.66,2331.38,0.0532227,232.713
37.696,0.225011,1456.57,2005.3,0.0405273,240.624
37.76,0.208448,1164.35,1834.52,0.0361328,255.465
37.824,0.171407,1142.4,1779.76,0.0361328,243.745
37.888,0.15704,959.251,1525.35,0.0351562,245.812
37.952,0.142851,1439.61,1952.77,0.102539,257.082
38.016,0.156597,3177.81,2206.4,0.191895,240.591
38.08,0.223694,2687.07,2503.2,0.153809,205.977
38.144,0.273226,1653,1947.73,0.0869141,208.072
38.208,0.269461,1599.17,1809.79,0.0791016,208.519
38.272,0.22539,1464.3,1613.7,0.102539,208.059
38.336,0.194753,1821.11,1839.76,0.12207,230.763
38.4,0.183704,2076.25,2148.92,0.141602,233.118
38.464,0.180363,2794.35,2540.52,0.162598,228.909
38.528,0.19153,2432.48,2570.87,0.11084,212.547
38.592,0.161808,2198.16,2404.84,0.124512,208.744
38.656,0.125273,2819.51,2622.83,0.129883,219.443
38.72,0.181864,1954,2326.79,0.0634766,219.366
38.784,0.237274,1493.16,2121.92,0.0517578,197.229
38.848,0.235777,1373.41,1944.21,0.0522461,195.17
38.912,0.228859,1282,1816.6,0.0532227,199.571
38.976,0.241677,1621.65,2124.79,0.0649414,194.651
39.04,0.232717,2170.97,2586.73,0.0776367,195.777
39.104,0.212756,2011.57,2479.28,0.0771484,196.924
39.168,0.213968,1464.47,1966.68,0.0654297,198.172
39.232,0.230386,1268.72,1829.25,0.0512695,201.437
39.296,0.211344,2226.5,2253.36,0.116211,196.906
39.36,0.172673,3068.19,2462.99,0.149414,193.315
39.424,0.146374,2448.14,2447.94,0.0922852,189.245
39.488,0.125901,1719.42,2154.08,0.059082,193.324
39.552,0.113072,1063.55,1639.78,0.0454102,195.318
39.616,0.103596,1221.72,1537.13,0.065918,195.775
39.68,0.0837821,1640.43,1778.01,0.0942383,197.276
39.744,0.0629192,1452.92,1662.91,0.0859375,201.734
39.808,0.0500613,1444.42,1657.53,0.074707,199.457
39.872,0.118787,1627.47,1957.11,0.10791,195.023
39.936,0.149147,2997.95,2429.75,0.166992,205.225
40,0.143504,2324.46,2330.35,0.137207,213.041
40.064,0.145061,1779.01,2012.59,0.0664062,213.793
40.128,0.131732,1376.49,1715.97,0.0458984,206.053
40.192,0.12901,1055.51,1493.97,0.0415039,216.342
40.256,0.117276,1002.01,1386.16,0.0478516,211.252
40.32,0.145761,2896.19,2206.12,0.140625,205.09
40.384,0.165268,2960.89,2409.44,0.18457,113.358
40.448,0.14122,2299.32,2382.48,0.097168,212.962
40.512,0.147581,1248.87,1729.12,0.0532227,199.818
40.576,0.14409,1335.01,1673.46,0.0708008,201.57
40.64,0.111987,1411.45,1673.54,0.0795898,198.475
40.704,0.0956872,1743.06,2107.82,0.127441,200.332
40.768,0.142777,3128.2,2455.11,0.170898,207.463
40.832,0.171757,3038.61,2706.63,0.128906,175.641
40.896,0.182135,1895.09,2263.58,0.0742188,175.52
40.96,0.163147,1253.08,1553.36,0.0595703,176.802
41.024,0.1531,1171.57,1443.42,0.059082,179.74
41.088,0.198572,1430.47,1720.71,0.0693359,194.807
41.152,0.211419,1772.59,1942.9,0.0859375,176.503
41.216,0.199165,1781.54,1888.85,0.0898438,174.743
41.28,0.171306,2086.84,2077.63,0.111816,174.5
41.344,0.18931,2460.25,2390.19,0.118652,175.167
41.408,0.201805,2658.9,2338.11,0.133789,190.818
41.472,0.191683,1886.09,1922.96,0.120605,194.276
41.536,0.208709,1616.65,1804.38,0.0830078,187.308
41.6,0.19903,1977.32,2077.55,0.115234,197.756
41.664,0.188345,2744.4,2273.22,0.123047,192.231
41.728,0.18688,2535.51,2452.04,0.0864258,206.934
41.792,0.213264,1750.1,2105.29,0.0595703,184.079
41.856,0.20497,2115.45,2326.98,0.0893555,196.704
41.92,0.165235,2439.96,2477.45,0.119141,195.313
41.984,0.154847,2406.41,2489.72,0.152832,176.615
42.048,0.121053,3648.05,2649.39,0.292969,174.485
42.112,0.121463,3429.12,2608.01,0.307617,176.955
42.176,0.162565,2739.55,2566,0.195312,156.667
42.24,0.166016,1948.02,2410.66,0.152832,209.516
42.304,0.153361,2509.35,2518.8,0.13916,88.4665
42.368,0.145039,2422.6,2455.93,0.149902,175.59
42.432,0.120252,2186.3,2339.85,0.148926,159.889
42.496,0.097021,1964.01,2299.92,0.125,131.489
42.56,0.0699251,2876.21,2416.17,0.22168,59.9251
42.624,0.0968765,3468.6,2365.55,0.335938,164.884
42.688,0.145448,3153.85,2239.08,0.253906,342.703
42.752,0.166745,2820.74,2470.21,0.125,130.274
42.816,0.163615,1952.15,2161.19,0.0791016,131.509
42.88,0.153113,1429.99,1777.28,0.065918,131.631
42.944,0.13826,1298.85,1819.25,0.0546875,207.484
43.008,0.138315,1040.09,1711.95,0.0449219,196.532
43.072,0.168644,2442.21,2462.59,0.0976562,205.865
43.136,0.187217,2844.7,2568.15,0.152832,180
43.2,0.183624,2081.04,2235.51,0.133789,95.9385
43.264,0.165078,1962.94,2060.5,0.121582,141.637
43.328,0.142038,2280.97,2222.48,0.131348,135.342
43.392,0.174013,1528.73,2050.91,0.0913086,212.843
43.456,0.180777,2003.9,2286.21,0.0664062,193.236
43.52,0.151168,2090.57,2296.07,0.0791016,238.749
43.584,0.137688,2255.29,2381.83,0.0761719,117.388
43.648,0.176302,2841.87,2591.53,0.0913086,116.87
43.712,0.178945,3443.93,2861.82,0.138672,195.31
43.776,0.122137,2875.72,2711.38,0.148438,188.913
43.84,0.096858,2548.96,2511.73,0.132324,188.321
43.904,0.0997394,2484.17,2546.32,0.171875,121.364
43.968,0.151999,3026.1,2233.25,0.23291,219.397
44.032,0.147154,3000.97,2335.29,0.282227,615.385
44.096,0.13483,3846.71,2233.28,0.381348,615.385
44.16,0.172341,2902.69,2230.37,0.337891,114.99
44.224,0.195369,2692.71,2040.88,0.189941,231.734
44.288,0.200928,2707.29,2020.22,0.17041,232.975
44.352,0.188895,2521.99,1987.85,0.164551,234.246
44.416,0.189004,2383.14,1979.31,0.149902,233.519
44.48,0.191411,2410.33,1939.32,0.13623,233.499
44.544,0.175522,2163.86,2104.98,0.197266,233.117
44.608,0.161268,3092.9,2336.18,0.229492,192.655
44.672,0.162206,2405.34,2128.38,0.163574,230.745
44.736,0.167865,2058.71,1873.84,0.128418,102.315
44.8,0.152417,1966.78,1833.34,0.125488,102.502
44.864,0.124172,1943.17,1781.93,0.143555,233.506
44.928,0.117029,2043.17,1733.87,0.192871,233.96
44.992,0.126149,3094.57,2194.19,0.244629,234.993
45.056,0.162457,3041.4,2516.68,0.171875,70.8005
45.12,0.174091,1929.28,2131.51,0.0732422,70.4823
45.184,0.180849,1099.8,1425.39,0.0595703,201.128
45.248,0.187195,1283.39,1536.33,0.0566406,206.944
45.312,0.172952,1282.89,1619.72,0.0732422,214.281
45.376,0.180203,1775.55,2083.89,0.103516,85.2728
45.44,0.175998,2754.55,2538.53,0.138672,175.989
45.504,0.181595,2782.32,2678.33,0.119141,175.483
45.568,0.223369,1826.61,2263.53,0.0761719,180.013
45.632,0.252236,1872.96,2222,0.0703125,196.495
45.696,0.227858,1566.37,2057.22,0.0561523,196.302
45.76,0.195254,2308.9,2356.33,0.078125,193.396
45.824,0.220376,2002.33,2365.72,0.0761719,197.176
45.888,0.231086,2034.45,2366.7,0.046875,205.384
45.952,0.205582,2279.76,2514.86,0.111816,207.374
46.016,0.222412,3109.22,2682.89,0.12207,205.974
46.08,0.247276,2380.33,2493,0.0751953,205.498
46.144,0.232485,1857.84,2159.54,0.0712891,198.532
46.208,0.230641,1880.37,2179.58,0.0566406,195.944
46.272,0.227408,2156.41,2211.83,0.0942383,196.061
46.336,0.189345,2614.51,2326.51,0.155273,188.509
46.4,0.162057,2513.6,2299.46,0.139648,175.09
46.464,0.168933,2018.27,2145.24,0.117676,340.766
46.528,0.146567,2242.27,2310.3,0.124512,165.685
46.592,0.110724,2695.37,2435.27,0.199219,164.545
46.656,0.135326,2716.88,2476.62,0.221191,245.703
46.72,0.151379,2809.54,2501.76,0.175781,82.2002
46.784,0.140134,2788.02,2495.06,0.15332,82.7425
46.848,0.156126,2143.12,2382.86,0.109375,82.7788
46.912,0.157841,2210.66,2482.33,0.10791,205.981
46.976,0.152773,1680.83,2173.87,0.100586,82.5585
47.04,0.164662,1349.74,1901.47,0.0712891,164.84
47.104,0.156545,1261.09,1822.1,0.0541992,82.5177
47.168,0.133216,1369.74,1923.81,0.0488281,164.909
47.232,0.124538,1325.76,1843.69,0.0473633,163.491
47.296,0.136565,1159.81,1710.26,0.0454102,151.768
47.36,0.129203,1421.07,1996.94,0.0786133,141.544
47.424,0.132066,2422.79,2443.8,0.0786133,67.206
47.488,0.166283,1581.5,2140.93,0.0488281,64.7208
47.552,0.15626,1692.12,2041.64,0.0712891,131.315
47.616,0.133431,1785.91,2087.84,0.0839844,130.799
47.68,0.151161,1589.3,1828.7,0.0722656,131.473
47.744,0.184065,1633.99,1862.76,0.0639648,65.4317
47.808,0.199401,1434.62,1671.5,0.0654297,131.856
47.872,0.201206,1332.67,1621.95,0.0620117,133.899
47.936,0.20317,1420.61,1813.15,0.0571289,87.2082
48,0.201672,1563.28,1879.33,0.0668945,87.4371
48.064,0.186963,1680.36,1916.1,0.0766602,87.6124
48.128,0.15694,1655.19,1863.25,0.0883789,87.25
48.192,0.145901,1473.24,1803.84,0.0766602,87.584
48.256,0.143018,1433.37,1856.13,0.0512695,87.5374
48.32,0.135873,1538.1,1892.67,0.0532227,87.4669
48.384,0.131633,1395.04,1645.64,0.0678711,87.6048
48.448,0.127722,1492.83,1758.8,0.0927734,88.9336
48.512,0.146844,1700.13,1950.89,0.100098,202.227
48.576,0.163456,1413.58,1777.11,0.0742188,615.385
48.64,0.177203,1398.56,1720.39,0.0756836,205.452
48.704,0.187643,1829.5,1942.45,0.123047,176.006
48.768,0.181291,1754.72,1789.36,0.13623,175.506
48.832,0.17049,1885.03,1932.65,0.106445,174.675
48.896,0.161129,1712.19,1924.51,0.0874023,174.568
48.96,0.160882,1766.26,1740.26,0.104004,174.136
49.024,0.158466,1909.88,1869.55,0.123047,174.217
49.088,0.148971,1880.28,1918.9,0.127441,174.774
49.152,0.14844,3149.12,2498.15,0.22998,174.754
49.216,0.153201,2765.94,2391,0.296387,202.467
49.28,0.158823,2716.98,2356.72,0.206543,187.956
49.344,0.187503,1744.32,1928.91,0.111328,201.331
49.408,0.207276,1718.08,1879.54,0.0688477,208.535
49.472,0.185396,1752.15,2169.44,0.0849609,208.779
49.536,0.179474,2078.53,2214.14,0.100098,203.7
49.6,0.179983,1840,1966.15,0.135742,191.497
49.664,0.199884,2825.36,2300.78,0.13623,194.479
49.728,0.200036,2923.14,2542.82,0.0791016,175.537
49.792,0.178081,2338.04,1995.8,0.0878906,177.374
49.856,0.18817,1799.28,1989.5,0.0859375,176.205
49.92,0.173319,1477.9,1949.82,0.0620117,175.71
49.984,0.176679,1520.49,1901.57,0.0654297,178.287
50.048,0.198085,2118.54,2295.38,0.0932617,176.092
50.112,0.197059,2735.91,2552.62,0.114258,176.081
50.176,0.168113,2219.26,2485.74,0.0976562,175.61
50.24,0.166632,2038.3,2440.58,0.0761719,170.087
50.304,0.174724,1644.72,2235.11,0.0708008,174.93
50.368,0.186537,1390.44,2027.09,0.0561523,174.538
50.432,0.170516,1583.63,2126.79,0.0566406,191.622
50.496,0.124525,1156.01,1848.41,0.0600586,214.848
50.56,0.102842,1018.81,1634.48,0.0488281,239.349
50.624,0.143061,2232.3,2468.3,0.0771484,115.875
50.688,0.185776,2134.77,2483.53,0.0844727,201.844
50.752,0.182003,2425.84,2679.29,0.0517578,61.0302
50.816,0.174106,1263.08,1991.97,0.0419922,59.9251
50.88,0.14003,1220.99,1792.81,0.0498047,123.247
50.944,0.154596,2635.1,2237.38,0.119141,201.67
51.008,0.158603,3129.04,2508.81,0.295898,200.085
51.072,0.134146,3789.61,2451.53,0.316895,66.3825
51.136,0.152586,1967.85,2321.78,0.155273,174.684
51.2,0.160954,1878.83,2117.28,0.09375,175.051
51.264,0.181423,1629.36,1809.1,0.0947266,174.002
51.328,0.192864,2398.61,2437.46,0.0849609,168.118
51.392,0.154214,2889.11,2688.43,0.187012,174.789
51.456,0.10132,4157.95,2384.53,0.424805,170.664
51.52,0.150639,3057.94,2613.43,0.383789,381.046
51.584,0.163115,2885.02,2551.49,0.205078,200.818
51.648,0.137375,2250.83,2376.47,0.137695,66.3594
51.712,0.160894,1366.18,1966.11,0.0566406,217.811
51.776,0.139239,1517.85,2030.17,0.0541992,210.371
51.84,0.148326,2088.98,1853.59,0.0952148,181.873
51.904,0.235233,1605.49,1850.89,0.0742188,206.52
51.968,0.259361,2362.01,2268.22,0.0610352,204.943
52.032,0.236271,2688.76,2500.38,0.0664062,180.207
52.096,0.197698,2030.15,2283.34,0.0625,175.987
52.16,0.161871,2093.84,1998.61,0.0922852,182.467
52.224,0.138726,2036.92,2173.74,0.0952148,185.039
52.288,0.151931,1576.52,1924.3,0.0834961,186.309
52.352,0.164296,1753.63,2084.53,0.108398,174.791
52.416,0.158398,2695.37,2438.46,0.151367,184.373
52.48,0.169469,2921.05,2564.67,0.139648,176.099
52.544,0.181375,1734.2,2131.65,0.0859375,87.3812
52.608,0.188662,1510.08,1840.74,0.0639648,175.552
52.672,0.206147,1535.5,2089.26,0.0581055,175.046
52.736,0.20311,1441.65,2068.25,0.0439453,186.117
52.8,0.158612,1529.74,2036.28,0.0532227,174.499
52.864,0.138279,1215.65,1833.37,0.0507812,67.7285
52.928,0.140593,992.644,1629.61,0.0541992,124.917
52.992,0.18697,2302.29,2566.27,0.0673828,216.139
53.056,0.195736,2584.87,2654.18,0.117188,202.513
53.12,0.157917,3072.87,2581.56,0.186035,115.1
53.184,0.149539,3152.51,2597.23,0.136719,115.371
53.248,0.160035,2588.96,2421.71,0.123535,116.556
53.312,0.182541,2701.61,2328.9,0.139648,223.02
53.376,0.175172,2307.21,2440.07,0.0927734,183.648
53.44,0.186581,1984.83,2320.6,0.0913086,199.915
53.504,0.180675,1787.31,2125.07,0.0952148,178.93
53.568,0.152433,1835.59,2003.89,0.107422,177.596
53.632,0.168796,2227.15,2136.22,0.15918,327.172
53.696,0.172365,2470.57,2219.19,0.179199,87.3226
53.76,0.177418,2073.41,2045.64,0.142578,174.36
53.824,0.183434,1639.12,1877.01,0.135742,174.676
53.888,0.167703,2695.88,2327.15,0.169922,185.868
53.952,0.171063,2494.87,2312.85,0.148926,183.662
54.016,0.233023,1536.19,1922.55,0.0664062,189.29
54.08,0.273778,1404.2,1869.03,0.0258789,208.038
54.144,0.253903,1366.29,1830.02,0.0483398,207.936
54.208,0.22864,1748.29,1916.66,0.0639648,206.585
54.272,0.229351,2090.42,2189.81,0.0859375,207.709
54.336,0.201006,2828.1,2322.86,0.147461,204.225
54.4,0.154253,3233.63,2446.05,0.162109,187.554
54.464,0.151886,1811.42,2111.97,0.103516,206
54.528,0.15006,1451.15,1772.37,0.0654297,207.592
54.592,0.162839,1943.3,1993.65,0.0786133,206.179
54.656,0.151001,1754.58,2036.88,0.0957031,185.353
54.72,0.168328,2942.52,2486.76,0.120117,182.722
54.784,0.189694,2512.31,2515.61,0.134766,188.414
54.848,0.144918,2259.21,2357.28,0.132812,175.397
54.912,0.122723,2996.44,2596.04,0.162109,175.514
54.976,0.141881,3740.53,2653.98,0.231934,175.722
55.04,0.173026,2135.18,2476.52,0.177734,199.591
55.104,0.17826,1786.45,2115.58,0.0922852,202.901
55.168,0.183926,1480.14,1527.85,0.117676,98.5718
55.232,0.177385,1596.65,1487.54,0.115234,344.479
55.296,0.188957,1991.76,2229.48,0.0883789,129.365
55.36,0.206809,2137.94,2567.22,0.0795898,212.472
55.424,0.191264,2335.18,2563.89,0.0942383,219.651
55.488,0.202604,1776.14,2093.73,0.0820312,222.204
55.552,0.199058,1251.37,1878.93,0.0673828,127.515
55.616,0.188805,2458.03,2136.55,0.110352,242.159
55.68,0.197256,1989.87,2103.12,0.131348,213.629
55.744,0.17146,1971.36,1986.77,0.137207,615.385
55.808,0.148452,1950.44,1983.89,0.127441,175.581
55.872,0.171777,1733.21,2007.58,0.0839844,175.304
55.936,0.177021,1966.85,2029.79,0.119629,171.154
56,0.155945,2554.34,2345.03,0.159668,174.689
56.064,0.154945,2335.82,2102.9,0.166992,186.606
56.128,0.176021,2687.79,2178.67,0.168457,173.618
56.192,0.162662,2180.55,2300.36,0.19873,175.599
56.256,0.164453,2599.87,2483.12,0.177734,188.09
56.32,0.201842,1631.24,2007.52,0.0869141,194.501
56.384,0.196216,2472.8,2476.49,0.0776367,208.247
56.448,0.190204,2048.68,2093.05,0.105957,208.142
56.512,0.170724,2271.18,2131.16,0.14502,207.355
56.576,0.163265,2061.41,2265.7,0.117676,207.248
56.64,0.188296,2860.72,2244.98,0.101074,191.815
56.704,0.176462,2813.51,2401.88,0.121582,176.085
56.768,0.166973,2342.39,2310.08,0.111816,174.75
56.832,0.153637,2807.02,2550.2,0.209473,175.126
56.896,0.144866,4303.31,2432.7,0.315918,176.229
56.96,0.159382,3130.02,2667.33,0.260254,176.01
57.024,0.169704,3181.64,2485.27,0.201172,174.292
57.088,0.172735,2916.07,2566.71,0.148926,177.408
57.152,0.181766,2523.66,2523.83,0.0742188,175.84
57.216,0.188623,1700.94,2097.87,0.0493164,175.855
57.28,0.155156,2520.94,2362.69,0.122559,174.711
57.344,0.170234,2399.02,2378.29,0.134766,162.24
57.408,0.221365,2031.93,2402.75,0.0644531,195.351
57.472,0.248548,1677.61,2169.97,0.0576172,183.823
57.536,0.252165,1697.62,2117.17,0.0571289,196.261
57.6,0.245107,1781.62,2120.2,0.0678711,195.626
57.664,0.250447,2251.2,2454.06,0.0605469,195.157
57.728,0.211785,2058.27,2466.7,0.0917969,195.537
57.792,0.183882,3708.98,2552.9,0.15332,194.724
57.856,0.210166,2584.37,2584.42,0.108398,194.695
57.92,0.205984,2613.46,2302.14,0.120117,195.068
57.984,0.184192,2730.92,2251.2,0.191895,194.336
58.048,0.185528,2265.46,1909.88,0.171875,205.944
58.112,0.189389,2147.52,1847.17,0.144043,207.415
58.176,0.197631,2124.22,2038.65,0.111328,194.494
58.24,0.185678,1687.95,2021.44,0.0849609,195.398
58.304,0.137706,1925.09,2075.03,0.126465,176.496
58.368,0.113068,3004.5,2381.57,0.197266,191.137
58.432,0.100824,2698.48,2449.38,0.183594,192.44
58.496,0.136189,1839.11,2213.53,0.150391,157.468
58.56,0.148733,2895.78,2568.35,0.177734,212.971
58.624,0.127598,2310.99,2370.06,0.155762,174.759
58.688,0.119152,1978.11,2172.42,0.105957,87.2788
58.752,0.103963,1808.72,2044.12,0.100098,172.891
58.816,0.084723,1679.59,1907.81,0.100098,215.983
58.88,0.0649365,1452.83,1748.72,0.0922852,116.568
58.944,0.150743,2626.64,2256.58,0.0952148,196.102
59.008,0.194539,3235.28,2514.48,0.0996094,184.34
59.072,0.170622,2437.48,2461.61,0.074707,87.9896
59.136,0.211279,1348.68,1791.92,0.0517578,86.6559
59.2,0.253504,1233.08,1704.08,0.0400391,260.731
59.264,0.224088,1110.41,1577.38,0.0336914,259.906
59.328,0.168602,1139.05,1568.33,0.0649414,86.8735
59.392,0.183672,2580.73,2383.15,0.112305,253.175
59.456,0.183736,2344.87,2184.83,0.150391,202.619
59.52,0.152948,2372.89,2206.63,0.187988,211.933
59.584,0.163057,2943.37,2167.4,0.244629,263.324
59.648,0.180548,2973.36,2303.5,0.223145,261.5
59.712,0.197002,1985.7,2284.18,0.131348,65.77
59.776,0.210352,1908.06,2060.9,0.11084,202.202
59.84,0.23568,2411.81,2142.87,0.125977,302.546
59.904,0.229655,2547.73,2207.1,0.159668,312.724
59.968,0.220046,2471.18,2382.71,0.138184,310.695
60.032,0.19631,2297.37,2373.14,0.125488,204.602
60.096,0.152828,2513.64,2294.8,0.15918,92.9644
60.16,0.150359,2464.23,2315.78,0.141602,277.052
60.224,0.165798,2080,2108.94,0.144531,277.013
60.288,0.170472,2926.43,2251.66,0.198242,266.486
60.352,0.174986,2887.13,2268.48,0.171875,262.296
60.416,0.193591,2027.47,2049.37,0.0996094,232.695
60.48,0.195812,2075.84,2082.46,0.0869141,233.631
60.544,0.190089,2113.74,1979,0.125488,237.167
60.608,0.16873,2636.55,2027.51,0.211914,262.875
60.672,0.157266,2762.85,2219.33,0.195312,261.269
60.736,0.188412,2141.19,2222.89,0.104004,233.324
60.8,0.216097,1760.45,2125.26,0.0776367,233.612
60.864,0.191324,2458.77,2362.45,0.141602,214.695
60.928,0.151901,2842.15,2257.14,0.214844,87.5932
60.992,0.150564,2584.16,2123.62,0.200195,260.952
61.056,0.168888,2318.59,2257.63,0.128906,242.216
61.12,0.15772,3417.88,2447.42,0.233887,234.599
61.184,0.115338,4350.43,2244.59,0.354492,242.384
61.248,0.143898,3154.34,2529.89,0.226074,78.1482
61.312,0.186375,3058.47,2353.61,0.108887,193.231
61.376,0.18019,3020.71,2483.2,0.0981445,87.9699
61.44,0.186355,2809.21,2368.97,0.103516,88.2653
61.504,0.224136,1529.28,1940,0.0717773,92.5025
61.568,0.224228,1386.27,1880,0.0737305,260.309
61.632,0.195001,2226.36,1889.38,0.135742,262.088
61.696,0.201356,2491.22,2234.66,0.130859,262.037
61.76,0.18408,2824.19,2304.4,0.191895,194.163
61.824,0.154652,2664.3,2210.98,0.23584,87.3435
61.888,0.166293,2336.98,2095.72,0.21875,86.6558
61.952,0.174534,2748.87,2164.95,0.222168,261.527
62.016,0.206214,2266.69,2132.04,0.152832,260.929
62.08,0.204571,2152.65,1998.86,0.145508,204.232
62.144,0.185193,2489.73,2076.89,0.187988,62.2255
62.208,0.16343,2486.62,2076.92,0.197266,310.495
62.272,0.183285,2561.18,2315.51,0.163574,309.248
62.336,0.20212,2372.7,2528.86,0.144531,201.365
62.4,0.192985,2879.31,2305.67,0.205566,96.6212
62.464,0.197762,3130.61,2284.7,0.260254,277.072
62.528,0.191249,3232.76,2329.91,0.262207,276.728
62.592,0.1869,2814.66,2300.78,0.243164,276.862
62.656,0.173356,2778.11,2241.05,0.212402,269.151
62.72,0.143455,2728.46,2246.23,0.182129,265.812
62.784,0.158348,1985.56,2105.74,0.147461,241.584
62.848,0.172988,2263.22,2201.02,0.120605,234.342
62.912,0.190225,2513.19,2101.66,0.148438,235.097
62.976,0.196,2621.89,2090.44,0.1875,262.59
63.04,0.182568,2214.79,1807.41,0.174805,261.718
63.104,0.204605,2178.59,1892.7,0.14502,237.497
63.168,0.185111,2041.75,2105.44,0.182617,233.233
63.232,0.182372,2588.84,2353.81,0.175293,236.03
63.296,0.193085,2015.57,2009.21,0.126465,389.484
63.36,0.193971,2187.85,2058.24,0.114746,130.509
63.424,0.201342,2032.3,2100.77,0.100586,356.918
63.488,0.17269,2120.36,2240.54,0.111816,215.492
63.552,0.136304,2044.21,2080.71,0.138672,213.005
63.616,0.168729,2966.03,2278.5,0.13623,220.887
63.68,0.189357,3153.79,2508.8,0.106934,89.8011
63.744,0.170753,3222.21,2458.83,0.185547,87.4703
63.808,0.19806,2333.4,2348.3,0.177246,213.569
63.872,0.211904,2491.06,2364.75,0.111816,129.437
63.936,0.191897,2471.2,2228.52,0.152344,274.445
64,0.182884,2316.24,2138.01,0.137207,131.471
64.064,0.186246,2797.5,2291.66,0.17041,86.9562
64.128,0.17749,2842.04,2270.91,0.196289,87.0583
64.192,0.173043,2489.62,2101,0.185059,86.4119
64.256,0.165887,2434.71,2106.09,0.169922,262.043
64.32,0.178381,2173.41,2303.55,0.117188,237.564
64.384,0.195247,2413.13,2103.59,0.157227,199.268
64.448,0.182197,3020.64,1979.54,0.273438,263.127
64.512,0.178641,3343.78,2144.51,0.314941,310.352
64.576,0.173318,2813.28,2243.29,0.257324,62.071
64.64,0.188972,2327.02,2319.49,0.164062,310.533
64.704,0.192528,2547.95,2428.27,0.125977,92.5537
64.768,0.183473,2620.41,2427.44,0.125,276.407
64.832,0.189342,2287.53,2297.91,0.115723,276.798
64.896,0.172813,2416.39,2274.71,0.162109,276.717
64.96,0.175219,2856.16,2280.33,0.194336,262.665
65.024,0.172883,2722.02,2166.52,0.198242,130.522
65.088,0.161094,2619.85,2055.62,0.227051,261.683
65.152,0.145125,2553.15,2084.06,0.219727,262.076
65.216,0.138133,2847.52,2090.62,0.247559,261.707
65.28,0.159553,2697.72,2104.55,0.247559,261.42
65.344,0.186794,2164.98,1996.83,0.125977,260.675
65.408,0.219197,1890.62,2065.42,0.0498047,232.71
65.472,0.195678,1689.97,2132.9,0.105957,232.426
65.536,0.145491,2766.52,2482.47,0.174316,193.672
65.6,0.130333,2593.34,2255.36,0.201172,263.425
65.664,0.14322,2509.69,2299.4,0.167969,262.704
65.728,0.184107,1735.12,2103.3,0.10791,239.133
65.792,0.175913,2571.73,2446.3,0.127441,232.723
65.856,0.155789,2376.96,2382.11,0.116699,238.371
65.92,0.184365,2185.47,2220.06,0.0952148,200.609
65.984,0.196225,2795.9,2425.55,0.119629,193.636
66.048,0.202896,2201.58,2359.7,0.0864258,204.066
66.112,0.210298,1382.55,1902.04,0.0541992,206.481
66.176,0.219971,2008.5,2155.33,0.0712891,207.604
66.24,0.222756,1765,2068.32,0.0727539,207.283
66.304,0.23494,1514.02,1943.94,0.0664062,208.122
66.368,0.232964,2323.77,2397.15,0.0908203,208.315
66.432,0.196938,2389.75,2366.83,0.109863,204.416
66.496,0.194934,1678.37,1807.89,0.090332,206.583
66.56,0.203066,1623.77,1818.32,0.0952148,207.999
66.624,0.200107,1837.51,1934.74,0.09375,206.942
66.688,0.172936,1721.89,2136.35,0.0727539,207.167
66.752,0.160595,2336.92,2251.57,0.097168,205.585
66.816,0.205261,2488.45,2288.18,0.104492,211.651
66.88,0.230461,2549.13,2320.27,0.0844727,232.753
66.944,0.223299,2464.71,2457.5,0.106445,232.458
67.008,0.202071,2237.81,2356.98,0.125977,212.945
67.072,0.197358,2030.17,2081.73,0.11377,232.61
67.136,0.190492,2030.21,1950.31,0.128418,232.65
67.2,0.163643,2118.61,1980.49,0.157715,232.555
67.264,0.165464,2744.63,2323.07,0.17627,230.271
67.328,0.198373,2542.35,2443.15,0.131836,116.829
67.392,0.208408,1503.46,1879.32,0.0693359,115.603
67.456,0.20349,1487.33,1885.24,0.0600586,209.542
67.52,0.206036,1109.94,1674.26,0.0537109,209.746
67.584,0.19622,1647.03,1918.23,0.0566406,197.195
67.648,0.185733,1627.69,2091.93,0.0649414,195.227
67.712,0.204723,1237.6,1595.4,0.0761719,197.75
67.776,0.210149,1741.86,1807.39,0.0888672,207.752
67.84,0.166531,2119.61,2218.77,0.157715,207.266
67.904,0.143715,2666.61,2386.46,0.166016,198.668
67.968,0.150778,1721.42,1900.8,0.104004,193.172
68.032,0.148513,1614.17,1882.35,0.0830078,69.3308
68.096,0.157992,1421.54,1785.65,0.0717773,69.46
68.16,0.165195,1330.78,1690,0.0673828,69.3623
68.224,0.162026,1422.28,1762.56,0.0986328,69.576
68.288,0.150356,3057.99,2220.45,0.216309,91.5004
68.352,0.139138,3097.25,2534.83,0.22168,69.4814
68.416,0.137911,1998.03,2150.86,0.114258,69.5747
68.48,0.148853,1443.64,1772,0.0737305,69.2936
68.544,0.17776,1345.92,1681.55,0.0585938,69.3931
68.608,0.200001,1235.13,1627.74,0.050293,69.5013
68.672,0.199291,1627.84,2029.64,0.0712891,69.5237
68.736,0.192749,2406.57,2437.31,0.0874023,92.7862
68.8,0.200309,1970.63,2295.24,0.0673828,91.9767
68.864,0.217572,1510.19,1963.2,0.0522461,69.3003
68.928,0.228587,1342.71,1879.97,0.0488281,69.1762
68.992,0.23131,1102.58,1709.36,0.0405273,92.7398
69.056,0.214059,1458.69,1881.96,0.0527344,96.5346
69.12,0.203657,1636.68,2084.39,0.0644531,69.2577
69.184,0.198851,2045.25,2332.2,0.0708008,69.0383
69.248,0.203497,2038.13,2337.5,0.0810547,69.1631
69.312,0.225825,1990.21,2377.94,0.0786133,231.632
69.376,0.216508,1513.67,2125.05,0.0693359,231.497
69.44,0.189282,1680.46,2016.94,0.0942383,236.507
69.504,0.179638,3039.34,2431.6,0.157715,69.4266
69.568,0.204189,2683.75,2477.14,0.149902,275.284
69.632,0.23153,2439.08,2420.91,0.0898438,230.188
69.696,0.241848,1694.91,2186.11,0.0639648,233.269
69.76,0.231468,1326.71,1890.81,0.065918,232.626
69.824,0.210546,1296.16,1779.29,0.0766602,232.867
69.888,0.198922,1465.66,1907.19,0.0810547,233.274
69.952,0.192864,1701.65,1865.48,0.101562,232.315
70.016,0.186924,1884.95,1730.02,0.141602,240.511
70.08,0.184981,2082.65,1916.79,0.149902,259.795
70.144,0.174799,1888.35,2033.31,0.158691,261.104
70.208,0.154395,2715.19,2415.78,0.17041,93.3551
70.272,0.161595,2067.54,2199.51,0.126465,253.58
70.336,0.156516,1749.26,2006.43,0.0952148,257.421
70.4,0.156203,1565.15,1842.25,0.0805664,256.795
70.464,0.189922,1408.77,1696.82,0.0556641,65.6667
70.528,0.19416,1240.66,1561.68,0.0463867,65.6321
70.592,0.164642,2553.36,2183.58,0.129883,65.6303
70.656,0.166448,2992.39,2423.4,0.156738,65.4062
70.72,0.182012,1923.23,2145.85,0.074707,65.5654
70.784,0.183961,1283.92,1655.9,0.0532227,130.158
70.848,0.183343,1071.3,1408.48,0.0576172,130.885
70.912,0.1712,1190.32,1544.75,0.0693359,130.091
70.976,0.162722,1257.23,1642.17,0.0864258,79.6419
71.04,0.179461,2420.64,2451.71,0.105469,216.249
71.104,0.187121,2344.68,2336.26,0.13916,200.157
71.168,0.167477,2122.27,2142.48,0.151367,270.897
71.232,0.170245,2258.17,1980.68,0.16748,221.69
71.296,0.192695,2712.95,2225.92,0.19043,65.2063
71.36,0.178343,2409.84,2245.31,0.209473,65.0119
71.424,0.158429,2794.69,2153.41,0.208984,65.0625
71.488,0.183619,2272.08,2048.71,0.12207,259.002
71.552,0.210296,1997.01,2009.35,0.0595703,230.731
71.616,0.235444,1984.56,2298.29,0.0688477,232.681
71.68,0.233826,2744.82,2420.21,0.131348,205.046
71.744,0.21061,2834.98,2306.09,0.151367,65.7135
71.808,0.180997,3217.54,2333.75,0.233398,65.2413
71.872,0.153415,4308.46,2128.77,0.410156,239.368
71.936,0.150471,3857.52,2238.75,0.430664,205.358
72,0.161048,3211.65,2429.49,0.26709,65.6014
72.064,0.158123,2478.49,2353.92,0.134277,130.043
72.128,0.141908,2652.07,2554.68,0.128906,130.603
72.192,0.167398,2029.33,2411.36,0.104004,130.058
72.256,0.182186,1903.7,2088.7,0.0952148,65.6524
72.32,0.183437,1824.41,2037.38,0.0922852,65.2842
72.384,0.195268,1865.97,1898.64,0.0634766,130.05
72.448,0.196653,1656.67,1981.18,0.0996094,130.217
72.512,0.164136,3120.38,2492.22,0.250977,66.8746
72.576,0.134599,2698.49,2388.74,0.253906,60.382
72.64,0.119273,1985.48,2073.34,0.130371,61.1756
72.704,0.090427,1668.04,1901.93,0.0898438,220.5
72.768,0.125071,1549.08,1821.59,0.0727539,198.945
72.832,0.131433,1853.8,1880.31,0.116699,186.552
72.896,0.137936,1799.99,1989.25,0.145996,173.285
72.96,0.175746,2507.81,2377.01,0.125488,191.356
73.024,0.170234,2330.38,2439.37,0.0844727,177.528
73.088,0.149755,3004.16,2455.31,0.157715,189.18
73.152,0.163417,2725.89,2588.27,0.175781,185.057
73.216,0.15464,2015.61,2261.58,0.097168,175.261
73.28,0.138065,1691.69,2085.22,0.0712891,174.404
73.344,0.179695,1437.65,1914.35,0.0605469,174.169
73.408,0.189112,2219.14,2368.74,0.104492,221.777
73.472,0.15093,3331.47,2657.04,0.252441,243.524
73.536,0.137161,3923.08,2681.42,0.287598,213.02
73.6,0.153881,3529.72,2626.74,0.215332,174.321
73.664,0.142232,2055.27,2567.7,0.175781,199.004
73.728,0.123267,1887.29,2021.53,0.118164,201.526
73.792,0.102605,1935.02,2130.53,0.141602,204.719
73.856,0.0599253,2444.68,2445.4,0.175781,97.631
73.92,0.118552,2157.56,2544.19,0.164551,175.539
73.984,0.18599,2365.85,2480.46,0.119141,202.361
74.048,0.207847,2641.06,2568.76,0.116211,219.782
74.112,0.224551,3110.97,2691.78,0.111328,252.021
74.176,0.230226,3060.44,2676.27,0.0874023,261.806
74.24,0.200136,3096.98,2425.55,0.150391,260.903
74.304,0.206813,3054.43,2549.67,0.14502,241.651
74.368,0.234561,2101.67,2425.29,0.0571289,235.007
74.432,0.206306,1582.95,2062.03,0.0405273,235.935
74.496,0.159076,1857,2330.62,0.0507812,243.998
74.56,0.185256,1602.36,2159.47,0.0610352,254.105
74.624,0.218387,1751.43,2220.12,0.0600586,209.774
74.688,0.229277,1768.76,2282.96,0.0527344,203.291
74.752,0.202007,1897.61,2325.28,0.0820312,196.393
74.816,0.167269,2106.06,2432.78,0.182129,194.003
74.88,0.15958,3622.88,2380.49,0.264648,194.548
74.944,0.138058,2761.56,2550.43,0.179199,175.463
75.008,0.145659,2059.2,2298.48,0.0654297,174.345
75.072,0.158243,1581.92,2039.81,0.0410156,173.918
75.136,0.15294,1593.43,2002.54,0.0537109,174.671
75.2,0.136791,3536.31,2550.04,0.237793,174.664
75.264,0.131313,3219.86,2682.46,0.344727,200.199
75.328,0.13399,3622.83,2580.25,0.297363,87.1843
75.392,0.124301,3487,2704.73,0.240723,87.4055
75.456,0.177034,3447.31,2494.25,0.183105,88.3755
75.52,0.230716,2228.73,2611.18,0.117676,226.486
75.584,0.208389,1941.7,2441.29,0.0566406,260.484
75.648,0.178742,1621.89,2266.1,0.0551758,248.341
75.712,0.165336,2599.52,2431.18,0.188965,239.847
75.776,0.184128,3420.52,2579.13,0.221191,221.997
75.84,0.207437,2515.27,2567.42,0.109375,86.7815
75.904,0.157294,3731.36,2751.44,0.241211,261.122
75.968,0.133099,3350.25,2774.42,0.248535,249.511
76.032,0.141702,1974.26,2248.95,0.119141,199.863
76.096,0.116333,2063.57,2157.19,0.121582,191.321
76.16,0.154449,2675.68,2027.49,0.141602,266.106
76.224,0.231933,2213.41,2178.64,0.102539,234.996
76.288,0.238373,1863.08,2239.44,0.0820312,231.541
76.352,0.194907,2061.67,2125.96,0.125,230.451
76.416,0.180659,2200.95,1938.61,0.170898,231.794
76.48,0.179897,2354.92,1931.63,0.210449,232.786
76.544,0.163044,2502.1,2127.07,0.23584,232.108
76.608,0.164235,3466.5,2426.73,0.221191,231.957
76.672,0.224762,2812,2489.49,0.108398,234.008
76.736,0.270346,1754.34,2084.28,0.0307617,232.266
76.8,0.287629,1636.09,2099.35,0.03125,232.696
76.864,0.280834,1152.59,1837.44,0.0332031,232.349
76.928,0.280403,1802.44,2229,0.0366211,231.676
76.992,0.257973,1612.64,2110.6,0.0356445,232.729
77.056,0.188096,1637.36,2080.07,0.0498047,236.767
77.12,0.155967,1848.68,2189.88,0.126953,236.822
77.184,0.169458,3329.83,2467.32,0.215332,204.932
77.248,0.176509,2952.82,2344,0.269043,277.928
77.312,0.174718,3054.07,2216.71,0.302246,276.684
77.376,0.172604,2947.97,2227.4,0.288086,276.406
77.44,0.153801,2733.2,2285.7,0.228516,276.623
77.504,0.138623,2231.75,2168.34,0.155273,276.458
77.568,0.141711,2331.5,2152.1,0.183594,69.1907
77.632,0.153766,3189.75,2277.72,0.213867,69.3818
77.696,0.157243,2579.16,2315.38,0.133301,69.5124
77.76,0.155632,1642.51,1905.74,0.0820312,69.4618
77.824,0.162109,1585.79,1863.6,0.0864258,94.6151
77.888,0.160653,1587.03,1842.73,0.0966797,87.8652
77.952,0.14428,1650.36,1894.29,0.0908203,88.0008
78.016,0.172602,2081.77,2250.67,0.0776367,174.513
78.08,0.196977,1992.08,2012.11,0.127441,190.683
78.144,0.178833,2504.59,1894.66,0.231445,214.845
78.208,0.16041,2714.2,2070.63,0.24707,263.918
78.272,0.149494,2768.36,2346.48,0.234375,87.0672
78.336,0.168883,2810.34,2635.38,0.178223,213.376
78.4,0.208533,2014.52,2310.88,0.0820312,199.689
78.464,0.21074,1655.97,1897.14,0.0737305,232.634
78.528,0.192854,1868.01,2026.04,0.0932617,232.772
78.592,0.186914,2260.01,2202.1,0.136719,231.757
78.656,0.183545,2461.45,2249.75,0.160645,233.851
78.72,0.170477,2206.84,2080.3,0.148438,231.74
78.784,0.173935,1724.64,1846.26,0.111328,233.967
78.848,0.183565,1858.5,1921.44,0.108398,232.116
78.912,0.167698,3182.93,2377.51,0.203125,232.882
78.976,0.163376,2801.05,2305.69,0.220703,234.735
79.04,0.170362,2122.78,2023.12,0.138672,232.411
79.104,0.185919,2027.79,2002.74,0.0961914,231.507
79.168,0.200844,2370.06,2313.68,0.074707,232.649
79.232,0.199903,2023.49,2169.64,0.0844727,69.2837
79.296,0.189694,2590.14,2173.53,0.14209,233.885
79.36,0.188146,2548.63,2100.93,0.213867,232.544
79.424,0.209053,2436.2,1991.81,0.173828,234.706
79.488,0.207527,1992.99,2247.45,0.0981445,231.469
79.552,0.189223,2527.71,2329.57,0.10498,231.201
79.616,0.190564,2098.56,2123.05,0.101562,232.481
79.68,0.190456,1870.28,2035.07,0.0854492,231.874
79.744,0.19567,1464.74,1834.89,0.0634766,216.655
79.808,0.191314,1779.26,2144.96,0.0688477,222.685
79.872,0.174678,2211.85,2502.34,0.0888672,232.233
79.936,0.181194,3207.13,2325.64,0.154297,234.825
80,0.229585,2472.25,2420.26,0.134766,129.935
80.064,0.233613,1386.95,1904.5,0.0512695,195.29
80.128,0.230315,956.363,1529.31,0.046875,211.627
80.192,0.258672,990.268,1563.98,0.0473633,195.534
80.256,0.257921,1300.33,1873.59,0.0493164,196.413
80.32,0.24234,1337.91,1861.18,0.0683594,196.472
80.384,0.205729,2602.26,2478.15,0.100586,195.356
80.448,0.180142,2154.03,2455.98,0.0878906,201.047
80.512,0.196922,1686.11,1977.85,0.0615234,78.8803
80.576,0.234907,1396.77,1852.18,0.0581055,199.511
80.64,0.248503,1198.21,1736.55,0.0488281,198.019
80.704,0.238308,1046.24,1643.23,0.0449219,197.556
80.768,0.226729,1434.48,1803.86,0.0639648,198.225
80.832,0.204489,1731.29,2021.02,0.0683594,65.3974
80.896,0.185459,1906.71,2175.16,0.102051,65.3333
80.96,0.236101,2935.06,2548.59,0.0957031,209.065
81.024,0.25664,2609.44,2634.05,0.0429688,195.755
81.088,0.218868,2273.35,2304.46,0.0576172,96.9727
81.152,0.199256,1687.96,2140.39,0.0654297,197.963
81.216,0.171016,2291.63,2273.15,0.134277,195.483
81.28,0.170393,3522.65,2361.37,0.214844,192.249
81.344,0.223908,2380.11,2505.94,0.133789,197.14
81.408,0.23042,2068.67,2383.37,0.0610352,195.903
81.472,0.174167,2132.89,2419.1,0.0717773,196.018
81.536,0.174696,2323.21,2248.47,0.0766602,196.884
81.6,0.209189,1507.75,1933.33,0.0654297,198.345
81.664,0.186321,2184.22,2305.29,0.0883789,194.161
81.728,0.120932,3594.2,2415.6,0.213379,195.134
81.792,0.119276,2745.78,2541.44,0.259766,196.559
81.856,0.183976,2736.84,2319.22,0.172363,198.579
81.92,0.254969,2187.13,2254.63,0.0874023,196.454
81.984,0.27901,2133.84,2253.7,0.0532227,195.409
82.048,0.213642,2121.62,2268.12,0.0844727,192.43
82.112,0.121878,2961.55,2239.76,0.213379,382.892
82.176,0.108426,3586.05,2242.16,0.259766,192.517
82.24,0.107601,3258.82,2254.2,0.191895,193.321
82.304,0.100235,2484.42,2010.77,0.146973,193.518
82.368,0.102202,2085.19,1748.18,0.100586,194.356
82.432,0.0897326,2054.77,1673.82,0.0986328,195.127
82.496,0.066457,2091.91,1610.63,0.127441,194.129
82.56,0.0607376,1938.13,1619.95,0.133789,390.364
82.624,0.0510883,2037.75,1556.25,0.152832,98.3622
82.688,0.0845508,2307.01,2038.88,0.17041,193.747
82.752,0.166039,1589.41,2005.43,0.100098,132.671
82.816,0.200924,1309.89,1816.24,0.0395508,131.268
82.88,0.173224,1366.6,1879.53,0.0336914,130.028
82.944,0.128988,1551.96,1928.62,0.0488281,127.377
83.008,0.13781,1705.68,2067.91,0.078125,130.482
83.072,0.217286,2023.48,2323.8,0.0620117,212.641
83.136,0.208052,1732.93,2436.07,0.0649414,187.923
83.2,0.135495,1376.52,2095.49,0.065918,250.314
83.264,0.172836,989.569,1597.82,0.0322266,85.7283
83.328,0.222039,1443.88,2010.46,0.0356445,208.797
83.392,0.231971,1892.8,2418.93,0.0405273,130.812
83.456,0.224784,2032.51,2456.62,0.0366211,129.535
83.52,0.196026,1594.42,2136.08,0.0571289,259.745
83.584,0.185337,1695.52,1782.58,0.0722656,262.03
83.648,0.185506,1353.34,1661.3,0.0551758,243.827
83.712,0.135761,1121.05,1470.09,0.0488281,246.862
83.776,0.100514,1086.88,1380.52,0.0478516,62.1808
83.84,0.142791,1783.54,1819.51,0.0712891,253.842
83.904,0.171499,1572.89,1797.48,0.0908203,311.237
83.968,0.149509,1339.79,1677.27,0.0683594,61.498
84.032,0.12602,1031.11,1367.98,0.0458984,252.867
84.096,0.136385,2501.4,2241.44,0.131836,267.663
84.16,0.149838,2975.4,2458.1,0.243652,213.385
84.224,0.171668,2961.51,2454.21,0.203125,89.5244
84.288,0.19468,2647.01,2383.37,0.125977,89.1144
84.352,0.179419,2501.46,2332.56,0.118652,87.4512
84.416,0.151768,3514.94,2245.1,0.296875,87.5046
84.48,0.165554,3344.79,2343.35,0.315918,87.3303
84.544,0.190173,2602.11,2302.22,0.176758,88.7543
84.608,0.204694,3010.06,2311.53,0.143555,88.5077
84.672,0.210289,2953.54,2453.68,0.0913086,88.2097
84.736,0.178551,1448.83,2038.66,0.0649414,192.653
84.8,0.117769,2016.97,2163.57,0.0957031,193.216
84.864,0.0796971,2067.36,2021.44,0.147949,203.13
84.928,0.0731212,2345.5,1988.37,0.207031,88.3731
84.992,0.132819,2925.4,2386.4,0.221191,89.1311
85.056,0.186018,2473.62,2496.48,0.144531,187.252
85.12,0.192291,2317.24,2260.46,0.0927734,86.5891
85.184,0.199365,1909.89,2137.02,0.0727539,260.175
85.248,0.226761,1881.83,2266.96,0.0556641,235.475
85.312,0.2275,1028.07,1783.26,0.0458984,231.598
85.376,0.210374,1555.29,2132.34,0.0517578,216.882
85.44,0.230836,1552.93,1945.92,0.0600586,231.955
85.504,0.285992,1440.94,1951.09,0.0449219,231.822
85.568,0.2819,1316.6,1971.12,0.0532227,232.024
85.632,0.23076,2517.21,2468.22,0.0800781,225.65
85.696,0.196254,2208.08,2382.74,0.0898438,59.9251
85.76,0.198421,2297.3,2300.32,0.0932617,231.84
85.824,0.23792,1950.3,2334.41,0.0839844,232.431
85.888,0.209967,2762.54,2597.8,0.167969,232.087
85.952,0.160711,3296.49,2576.42,0.226562,208.748
86.016,0.170947,2076.72,2196.26,0.150391,235.389
86.08,0.179585,1860.49,1985.56,0.102051,254.716
86.144,0.184698,1924.03,1996.13,0.0961914,275.762
86.208,0.188326,1584.24,1975.03,0.0834961,138.32
86.272,0.189267,2263.94,2330.78,0.0878906,138.568
86.336,0.192237,2716.14,2422.74,0.0981445,92.0272
86.4,0.197806,2737.93,2396.74,0.11084,276.131
86.464,0.189827,2133.62,2307.68,0.12793,275.946
86.528,0.167262,2743.26,2393.81,0.136719,197.58
86.592,0.171336,2404.68,2458.58,0.0957031,262.639
86.656,0.191141,2249.8,2581.28,0.0405273,87.8882
86.72,0.186266,2315.04,2599.36,0.0375977,87.2807
86.784,0.158004,1981.25,2331.85,0.0654297,257.204
86.848,0.130794,2194.15,2302.48,0.106934,261.433
86.912,0.142973,2765.07,2235.78,0.167969,260.88
86.976,0.17602,2434.59,2328.16,0.15625,89.6909
87.04,0.178067,1585.59,2082.29,0.0732422,210.096
87.104,0.163885,1165.32,1792.22,0.0517578,206.61
87.168,0.170892,1446.97,1883.16,0.065918,207.566
87.232,0.143098,1736.26,2123.27,0.0791016,208.251
87.296,0.0891872,1657.72,2045.52,0.0869141,208.491
87.36,0.135022,2868.41,2468.8,0.129883,208.261
87.424,0.158036,2967.9,2512.31,0.144531,169.939
87.488,0.181824,2077.8,2355.42,0.0717773,69.5094
87.552,0.20358,1955.17,2312.22,0.0307617,207.888
87.616,0.177613,1372.07,1952.96,0.0415039,207.481
87.68,0.169068,1211.69,1733.55,0.0629883,206.45
87.744,0.211936,1545.66,1876.9,0.078125,197.139
87.808,0.235906,1736.48,2024.62,0.0834961,207.475
87.872,0.216742,1859.71,2138.19,0.0942383,203.858
87.936,0.211967,2392.78,2394.19,0.0952148,197.743
88,0.199359,2316.88,2555.57,0.0830078,193.345
88.064,0.160266,1955.07,2296.18,0.0839844,196.508
88.128,0.148033,2102.63,2356.35,0.0825195,203.528
88.192,0.160004,1804.13,2233.79,0.104004,65.2261
88.256,0.156622,2552.77,2250.56,0.161621,193.707
88.32,0.147152,2597.55,2443.13,0.132324,195.343
88.384,0.139586,2038,2259.98,0.0776367,195.267
88.448,0.124084,2044.55,2286.39,0.0859375,206.037
88.512,0.157737,1639.92,2170.17,0.0786133,197.44
88.576,0.153485,1592.47,2255.54,0.09375,199.976
88.64,0.103479,3515.6,2468.9,0.244629,104.134
88.704,0.0992555,4219.51,2272.65,0.342773,65.5788
88.768,0.129032,3606.53,2354.33,0.32959,66.4523
88.832,0.147697,3241.93,2480.23,0.330566,204.77
88.896,0.146767,3049.54,2354.28,0.270996,213.305
88.96,0.149351,2529.9,2146.69,0.181641,205.587
89.024,0.136613,2297.8,2193.92,0.200684,244.327
89.088,0.136873,3929.16,2012.55,0.374023,204.692
89.152,0.139043,3424.9,2257.31,0.40332,192.484
89.216,0.136198,2893.55,2125.24,0.309082,88.5996
89.28,0.147826,2898.85,2053.27,0.264648,184.547
89.344,0.167024,3031.84,2252.5,0.189453,86.6882
89.408,0.164946,2251.1,2430.91,0.155762,196.449
89.472,0.174254,2642.11,2612.43,0.137207,247.366
89.536,0.231107,2182.62,2455.91,0.0898438,322.982
89.6,0.262584,2366.45,2607.41,0.0634766,351.366
89.664,0.243115,2582.52,2600.73,0.0844727,349.512
89.728,0.226326,2267.82,2392.53,0.0996094,173.663
89.792,0.19621,1900.89,2049.56,0.129883,615.385
89.856,0.136252,2546.31,2181.23,0.206543,596.615
89.92,0.13556,3474.78,2413.94,0.245605,262.047
89.984,0.148541,2176.01,2520.17,0.17627,185.429
90.048,0.18123,1965.65,2206.72,0.0898438,235.433
90.112,0.22517,1976.8,2192.81,0.0688477,232.57
90.176,0.219512,1836.8,1970.73,0.0961914,232.885
90.24,0.202785,2225.6,2068.7,0.136719,232.754
90.304,0.209456,2497.33,2373.86,0.121582,232.516
90.368,0.191105,2226.36,2163.98,0.115723,179.044
90.432,0.165117,2068.83,2039.32,0.145508,233.208
90.496,0.16256,2010.56,2012.14,0.118652,59.9251
90.56,0.160366,2072.71,2114.34,0.156738,232.539
90.624,0.157512,2958.48,2282.22,0.208984,213.153
90.688,0.172469,2212.34,2162.87,0.138672,232.785
90.752,0.196339,2250.47,2022.76,0.102539,231.83
90.816,0.207907,2239.94,2086.87,0.105957,232.701
90.88,0.188842,1993.77,2086.11,0.126953,232.372
90.944,0.213273,2331.21,2164.67,0.123047,505.034
91.008,0.236454,2520.61,2161.03,0.0957031,278.12
91.072,0.201731,2475.91,2133.3,0.128906,276.119
91.136,0.174879,1887.3,2125.86,0.167969,275.852
91.2,0.157603,2806.79,2444.72,0.177246,207.244
91.264,0.145979,2591.03,2417.27,0.196289,262.343
91.328,0.144099,2804.41,2499.65,0.234863,262.274
91.392,0.160286,2798.54,2425.03,0.19873,262.178
91.456,0.183602,2628.76,2279.44,0.157715,259.66
91.52,0.17766,3182.2,2232.69,0.200195,261.602
91.584,0.164506,2708.03,2157.44,0.208496,259.322
91.648,0.174875,2623.12,2341.77,0.149414,225.768
91.712,0.173202,1515.99,1926.37,0.0927734,206.272
91.776,0.184273,1721.91,1943.53,0.0839844,208.023
91.84,0.17649,2003.36,2217.44,0.0966797,207.954
91.904,0.120979,2327.49,2304.6,0.107422,206.963
91.968,0.112358,1793.23,1901.38,0.126465,131.079
92.032,0.164826,3219.86,2430.51,0.141602,86.9592
92.096,0.165048,2699.79,2618.99,0.137207,194.651
92.16,0.108375,3060.15,2555.96,0.218262,205.746
92.224,0.0703124,3786.71,2482.34,0.356445,205.634
92.288,0.112366,2468.44,2591.24,0.271484,68.7054
92.352,0.165775,1718.69,2207.42,0.102539,205.35
92.416,0.192113,1926.8,2068.06,0.0976562,196.747
92.48,0.193201,2155.04,2158.4,0.124023,202.487
92.544,0.171679,2224.19,2258.23,0.115723,204.512
92.608,0.182558,2332.86,2368.57,0.111328,200.331
92.672,0.191423,2439.71,2575.53,0.0966797,193.54
92.736,0.163115,2098.81,2350.02,0.09375,193.632
92.8,0.155758,2120.07,2346.45,0.100098,67.2457
92.864,0.173798,2050.36,2339.03,0.118164,65.3743
92.928,0.157552,2829.29,2250.58,0.22168,201.079
92.992,0.12412,3087.81,2433.81,0.21582,192.547
93.056,0.131579,2244.61,2350.27,0.116699,197.063
93.12,0.141732,1947.57,2150.7,0.10498,198.241
93.184,0.170879,1380.23,1789.36,0.10498,127.778
93.248,0.191522,1984.64,2052.1,0.123047,96.2108
93.312,0.173221,2133.9,2211.02,0.12207,131.893
93.376,0.185521,1517.31,2009.26,0.0620117,222.198
93.44,0.187767,1811.84,2107.5,0.108398,186.791
93.504,0.164442,2909.71,2406.36,0.21582,213.164
93.568,0.182287,2385.29,2413.36,0.166016,89.8081
93.632,0.207569,1875.24,2119.16,0.065918,86.8211
93.696,0.219668,1608.13,1985.14,0.0405273,65.6068
93.76,0.200002,1701.02,1964.11,0.0693359,87.1536
93.824,0.160246,1945.15,1983.08,0.0932617,87.5043
93.888,0.132595,2193.95,2159.85,0.143555,87.4263
93.952,0.111053,2908.29,2147.41,0.220215,87.2325
94.016,0.0952716,2798.52,2200.2,0.204102,87.7234
94.08,0.0720672,1828.65,2062.28,0.192871,202.806
94.144,0.0629246,2581.12,2043.95,0.242676,173.788
94.208,0.0850332,2455.42,1834.13,0.187988,499.025
94.272,0.0877243,2091.97,2118.9,0.105469,87.9661
94.336,0.105469,1847.9,1554.02,0.121094,87.1298
94.4,0.107548,2236.16,2098.23,0.143066,86.5036
94.464,0.0719601,2411.58,2309.65,0.145508,87.1249
94.528,0.0412855,2804.69,2384.01,0.157715,87.5989
94.592,0.0493928,2586.37,2433.14,0.143555,173.561
94.656,0.0573413,1447.44,2092.7,0.105469,202.878
94.72,0.0497505,2153.78,2186.55,0.133789,211.36
94.784,0.0673774,2114.13,2141.49,0.128418,97.6053
94.848,0.096457,1725.31,2092.4,0.0625,78.3667
94.912,0.139268,1994.27,2256.8,0.0644531,201.415
94.976,0.168606,2212.43,2340.48,0.0761719,191.933
95.04,0.176111,1820.67,2189.41,0.074707,194.069
95.104,0.191627,1855.04,1957.16,0.097168,98.1757
95.168,0.186664,2900.44,2444.12,0.218262,196.005
95.232,0.149945,3005.7,2490.99,0.314941,190.656
95.296,0.169148,2874.94,2360.3,0.202637,195.396
95.36,0.200432,2089.52,2238.12,0.0893555,97.1593
95.424,0.219431,1926.12,2182.12,0.0615234,98.0183
95.488,0.21357,1599.61,2048.42,0.0634766,196.382
95.552,0.184904,1787.7,2039.93,0.106445,192.91
95.616,0.181805,2001.01,2066.47,0.134277,207.775
95.68,0.181597,1989.78,2068.99,0.135742,203.37
95.744,0.161835,1965.6,2123.3,0.125,195.972
95.808,0.156984,1664.36,2059.58,0.145508,198.892
95.872,0.154931,2830.74,2387.1,0.20752,194.439
95.936,0.11763,2902.01,2423.86,0.220215,87.0901
96,0.0891999,2613.88,2421.3,0.170898,196.552
96.064,0.0730653,2025.7,2218.33,0.146973,200.37
96.128,0.174772,1548.14,1767.84,0.12207,202.925
96.192,0.1922,2172.38,2049.41,0.155273,615.385
96.256,0.149315,2979.23,2093.81,0.24707,345.662
96.32,0.142272,3327.45,2341.54,0.303711,89.8089
96.384,0.140857,2734.11,2568.74,0.263672,89.5328
96.448,0.146866,2783.27,2485.02,0.208496,204.901
96.512,0.125061,2606.97,2224.35,0.217285,200.024
96.576,0.155291,2347.46,2153.72,0.161621,209.515
96.64,0.197063,2078.85,2188.11,0.0825195,205.228
96.704,0.201263,2275.57,2344.26,0.0986328,194.165
96.768,0.193084,2234.88,2214.48,0.131348,206.685
96.832,0.18245,2111.7,2010.07,0.134277,207.243
96.896,0.142074,2617.35,2188.18,0.164062,208.703
96.96,0.142625,1846.27,2106.15,0.200684,208.542
97.024,0.190162,3055.73,2376.26,0.182129,203.542
97.088,0.204488,2144.37,2215.41,0.117676,197.563
97.152,0.153304,2139.09,2124.11,0.123047,196.24
97.216,0.0952942,2182.03,2081.24,0.14209,197.193
97.28,0.168008,2447.1,2359.28,0.129395,197.568
97.344,0.211912,2282.49,2402.47,0.097168,194.807
97.408,0.213847,1672.88,1982.48,0.0712891,195.636
97.472,0.203119,1880.79,1901.61,0.0947266,195.526
97.536,0.182536,1624.49,1830.04,0.12793,195.751
97.6,0.141937,2787.77,2250.31,0.197266,194.914
97.664,0.103324,2883.82,2376.66,0.218262,67.8216
97.728,0.209648,1740.53,2113.15,0.118164,196.507
97.792,0.218138,1402.79,1933.14,0.046875,195.599
97.856,0.166059,1385.94,1816.87,0.0712891,184.4
97.92,0.19454,2119.67,2270.69,0.0844727,196.663
97.984,0.17298,2903.01,2488.55,0.18457,196.196
98.048,0.123852,4103.67,2342.69,0.349121,196.849
98.112,0.13839,3163.84,2654.33,0.297852,66.3359
98.176,0.157291,2386.71,2288.16,0.179688,204.105
98.24,0.158183,2299.1,2140.32,0.15332,214.048
98.304,0.183973,1971.41,1971.89,0.119141,205.178
98.368,0.188973,2034.2,2000.98,0.121094,208.278
98.432,0.191402,2052.99,2089.84,0.128906,205.98
98.496,0.210573,1941.86,2109.98,0.10791,204.976
98.56,0.186557,2347.92,2199.08,0.176758,197.906
98.624,0.129723,3053.23,2096.26,0.26416,207.563
98.688,0.132166,2677.63,2280.97,0.196777,86.4262
98.752,0.151663,1602.49,2103.52,0.097168,205.1
98.816,0.194842,1666.98,2148.62,0.0625,262.658
98.88,0.231348,1604.82,2101.89,0.0395508,87.3256
98.944,0.178091,1595.19,2125.19,0.0532227,87.8379
99.008,0.156244,2369.92,2357.34,0.090332,271.408
99.072,0.191289,2319,2413.49,0.097168,86.8638
99.136,0.200151,1973.54,2341.04,0.0678711,89.658
99.2,0.21553,2409.51,2494,0.0498047,197.658
99.264,0.208266,2514.21,2514.01,0.0566406,197.14
99.328,0.186773,1643.72,2246.97,0.0722656,196.78
99.392,0.195123,2224.7,2418.25,0.0693359,197.112
99.456,0.203333,2456.3,2562.8,0.0698242,196.543
99.52,0.174084,2505.56,2556.6,0.0708008,199.383
99.584,0.179535,2767.71,2475.1,0.103027,197.281
99.648,0.178809,2585.99,2291.3,0.198242,202.856
99.712,0.140249,2933.69,2378.96,0.245117,92.6123
99.776,0.159335,2414.74,2315.82,0.16748,213.039
99.84,0.179039,2361,2344.37,0.120605,193.464
99.904,0.161148,2274.99,2247.54,0.166016,204.301
99.968,0.184002,2625.61,2419.75,0.123047,210.169
100.032,0.219713,2318.55,2422.63,0.0532227,203.737
100.096,0.217614,2272.74,2429.64,0.0546875,197.559
100.16,0.21984,2531.05,2447.78,0.0742188,195.472
100.224,0.226231,1731.67,2247.57,0.0664062,197.048
100.288,0.208783,2213.65,2480.54,0.0820312,185.07
100.352,0.164157,2815.19,2539.09,0.116699,188.94
100.416,0.14048,2831.26,2478.88,0.107422,89.5068
100.48,0.136781,1983.59,2171.01,0.178711,204.312
100.544,0.100401,3333.26,2435.43,0.243652,207.225
100.608,0.0770044,2443.56,2372.11,0.152344,213.144
100.672,0.0688846,1419.19,1901.9,0.0595703,207.404
100.736,0.0680571,1813.15,2001.81,0.100098,204.651
100.8,0.11476,2485.4,1923.23,0.181152,204.885
100.864,0.142419,2536.03,1862.55,0.219238,253.207
100.928,0.134292,2930.1,1992.13,0.283203,264.306
100.992,0.129228,3343.69,2264.57,0.256836,184.14
101.056,0.133351,1452.58,1889.26,0.121094,201.087
101.12,0.115394,1437.57,1650.19,0.0908203,60.0691
101.184,0.0760502,1643.73,1658.23,0.130859,260.594
101.248,0.068464,2010.16,1761.59,0.136719,130.453
101.312,0.112023,2213,2076.54,0.144531,260.55
101.376,0.16644,2128.86,2277.18,0.15332,190.847
101.44,0.155079,2645.76,2418.26,0.17041,89.9415
101.504,0.112942,2521.63,2253.04,0.163086,511.541
101.568,0.108612,2151.87,2140.7,0.111816,516.166
101.632,0.136081,1250.15,1756.15,0.100098,515.655
101.696,0.138491,3193.15,2263.63,0.253906,202.956
101.76,0.114487,3444.96,2073.19,0.394043,61.3497
101.824,0.121862,3446.58,2087.16,0.404785,207.453
101.888,0.144283,3718.62,2113.83,0.380371,207.511
101.952,0.172445,2727.81,2429.44,0.23291,191.226
102.016,0.156982,2697.86,2437.08,0.179688,185.602
102.08,0.125284,3062.51,2156.48,0.287109,175.655
102.144,0.109991,3255.37,2350.05,0.272461,63.9965
102.208,0.140598,2116.95,2169.7,0.206055,174.888
102.272,0.161124,2907.19,2206.62,0.254395,208.33
102.336,0.128725,3199.01,2254.69,0.276855,180.343
102.4,0.0999109,2590.92,2199.71,0.216309,173.011
102.464,0.101331,2265.7,2037.15,0.162598,239.301
102.528,0.145547,1584.01,1739.71,0.111816,615.385
102.592,0.146519,1965.15,2039.72,0.0961914,215.743
102.656,0.126323,1490.78,1769.4,0.0791016,66.0909
102.72,0.124553,1119.56,1462.84,0.0454102,67.0242
102.784,0.14325,2117.28,2210.64,0.128418,67.0427
102.848,0.149851,3021.02,2327.52,0.246094,199.736
102.912,0.128173,2713.85,2250.28,0.231934,213.403
102.976,0.127663,2366.36,2224.67,0.143066,252.926
103.04,0.129172,2541.35,2192.12,0.208496,88.8882
103.104,0.14604,3808.54,2076.51,0.313965,131.094
103.168,0.155834,2953.34,2300.46,0.258301,128.092
103.232,0.154003,2655.22,2242.38,0.220215,129.379
103.296,0.151354,3071.78,2198.39,0.221191,86.758
103.36,0.14879,2541.17,2281.68,0.149414,86.9329
103.424,0.143226,2279.55,2294.33,0.201172,207.621
103.488,0.133798,3999.22,2330.82,0.437988,276.767
103.552,0.140751,4251.74,2309.02,0.440918,88.4058
103.616,0.157474,3348.28,2311.84,0.27832,349.357
103.68,0.187345,2761.99,2323.47,0.202637,349.718
103.744,0.209302,2895.78,2388.01,0.157227,174.662
103.808,0.207205,2907.42,2163.02,0.212402,174.152
103.872,0.206467,3067.99,1999.97,0.286133,348.512
103.936,0.203582,2289.88,1932.64,0.258301,349.223
104,0.178811,2187.22,2051.34,0.234375,222.434
104.064,0.160243,2353.22,1770.82,0.253906,307.533
104.128,0.161149,2576.44,1794.54,0.254883,274.988
104.192,0.136952,2558.58,1738.24,0.256836,405.753
104.256,0.181133,2567.56,2234.53,0.188477,351.097
104.32,0.199112,2301.19,2408.33,0.106445,177.441
104.384,0.160174,2172.23,2102.47,0.106445,232.574
104.448,0.155912,2270.65,2117.46,0.111328,232.793
104.512,0.164567,2124.43,2095,0.125977,232.905
104.576,0.161969,2364.69,2204.18,0.179688,209.521
104.64,0.149332,2700.16,2160.03,0.206543,232.918
104.704,0.164932,2316.64,1915.48,0.17627,232.123
104.768,0.19173,2030.76,1830.2,0.141602,233.095
104.832,0.211611,1692.8,1870.76,0.112305,233.101
104.896,0.203403,1865,2115,0.0893555,232.397
104.96,0.161208,2412.16,2315.39,0.102051,116.544
105.024,0.124198,2332.14,2262.97,0.115234,232.465
105.088,0.149822,1814.31,1965.54,0.0874023,232.514
105.152,0.161347,2150.51,2255.82,0.138672,216.311
105.216,0.141326,2965.01,2351.97,0.263184,225.239
105.28,0.125752,2895.45,2340.56,0.236816,243.245
105.344,0.103691,2382.78,2170.07,0.192383,236.734
105.408,0.115765,3863.42,2164.27,0.39209,231.952
105.472,0.144721,4335.04,2204.74,0.436523,84.6541
105.536,0.156098,3378.78,2358.29,0.251465,129.932
105.6,0.15747,3109.77,2208.18,0.211914,254.864
105.664,0.18006,2842.91,2466.05,0.159668,206.315
105.728,0.175823,1370.39,1931.26,0.0942383,206.658
105.792,0.15561,2095.45,2133.64,0.12207,207.442
105.856,0.164943,2260.97,2248.7,0.123535,207.833
105.92,0.174164,1996.61,2229.87,0.0893555,207.867
105.984,0.192369,1875.13,2215.31,0.0961914,208.138
106.048,0.211814,2326.47,2414.03,0.108887,205.232
106.112,0.193596,2118.78,2115.32,0.109863,208.856
106.176,0.166332,2222.57,2024.21,0.131348,77.9962
106.24,0.171144,2238.38,2010.67,0.146484,231.797
106.304,0.167472,1391.66,1767.85,0.126953,233.725
106.368,0.173559,1931.64,1986.73,0.108398,230.648
106.432,0.184371,2131.63,2134.38,0.121094,233.63
106.496,0.178707,2292.95,2144.95,0.125977,232.287
106.56,0.17743,2538.47,2248.92,0.132812,233.638
106.624,0.191176,2321.32,2393.81,0.116211,172.461
106.688,0.178354,2204.52,2345.94,0.0839844,88.8946
106.752,0.167903,1890.69,2177.52,0.0786133,232.851
106.816,0.168778,1787.26,2119.56,0.0820312,65.7204
106.88,0.162819,2027.59,2104.28,0.131348,235.045
106.944,0.163722,2806.49,2421.22,0.153809,213.574
107.008,0.178521,2345.52,2327.34,0.104004,205.443
107.072,0.207016,2097.3,2320.21,0.0673828,204.203
107.136,0.225274,1907.19,2274.08,0.0522461,196.256
107.2,0.196859,1327.09,1985.3,0.0639648,194.44
107.264,0.150292,1711.67,2231.31,0.0698242,65.2346
107.328,0.139706,1868.68,2307.06,0.074707,66.7102
107.392,0.125876,2075.4,2469.25,0.131836,66.1225
107.456,0.14313,2762.38,2402.86,0.216797,203.304
107.52,0.155505,3301.7,2421.83,0.257324,206.785
107.584,0.147789,2481.24,2257.16,0.20752,222.611
107.648,0.141582,2282.74,2211.06,0.148438,132.908
107.712,0.139317,3023.82,2154.69,0.293457,227.707
107.776,0.145287,3841.09,2142.96,0.401855,127.889
107.84,0.141664,2991.84,2232.44,0.312988,199.848
107.904,0.157556,2886.76,2176.46,0.254883,129.826
107.968,0.153799,3213.43,2325.36,0.236328,186.157
108.032,0.156102,2133.74,2221.44,0.154297,87.2622
108.096,0.183012,2361.49,2232.79,0.12793,200.42
108.16,0.167007,2808.49,2307.91,0.241699,311.424
108.224,0.121473,3154.7,2377.77,0.311035,348.302
108.288,0.116376,3007.19,2179.18,0.35498,350.463
108.352,0.150473,3408.5,2354.53,0.299805,205.294
108.416,0.164607,2991.57,2357.85,0.236328,87.1706
108.48,0.156434,2718.06,1842.23,0.258789,262.497
108.544,0.161189,2897.7,2057.73,0.23291,234.333
108.608,0.17054,2478.25,2166.41,0.171875,232.838
108.672,0.166007,2374.43,2148.34,0.156738,232.505
108.736,0.180449,2606.44,2123.17,0.161621,232.571
108.8,0.183817,2810.67,2240.29,0.197754,233.151
108.864,0.154917,4033.43,2154.94,0.379395,233.258
108.928,0.179706,3668.75,2365.25,0.333984,242.07
108.992,0.198947,2774.11,2432.43,0.14209,183.711
109.056,0.193081,2326.41,2247.47,0.0878906,232.049
109.12,0.199384,2479.66,2098.58,0.148926,232.562
109.184,0.196063,2741.87,1940.81,0.250977,219.454
109.248,0.176466,2822.52,2138.49,0.289062,205.163
109.312,0.163394,3259.3,2130.26,0.314941,92.349
109.376,0.160067,2969.1,1909.3,0.319824,276.733
109.44,0.150349,3295.44,2052.99,0.324219,276.631
109.504,0.15297,2868.27,2234.14,0.294434,276.894
109.568,0.141994,3166.86,2256.27,0.290039,69.1656
109.632,0.139315,3040.42,2280.72,0.255371,276.762
109.696,0.133718,2672.05,2169.67,0.199219,232.811
109.76,0.147862,2372.06,2196.83,0.157715,231.95
109.824,0.167452,2529.26,2349.69,0.151855,210.297
109.888,0.169105,2957.19,2243.84,0.209961,197.328
109.952,0.166954,3037.53,2154.66,0.254883,261.779
110.016,0.153565,2848.14,2077.29,0.262695,261.89
110.08,0.137651,2694.4,1927.38,0.258301,261.552
110.144,0.159716,3019.39,2013.87,0.279297,260.847
110.208,0.187092,3174.24,2063.27,0.291992,261.222
110.272,0.17523,2942.58,2083.78,0.290039,262.28
110.336,0.163223,2979.08,2186.31,0.249023,204.31
110.4,0.183515,1668.55,1965.69,0.151855,225.393
110.464,0.202395,1814.19,1954.33,0.0869141,208.783
110.528,0.197714,1910.1,2063.33,0.0864258,207.549
110.592,0.209819,2073.1,1964.81,0.0922852,207.304
110.656,0.221103,2264.16,2103.86,0.116211,207.734
110.72,0.206008,2401.75,2323.9,0.141602,207.283
110.784,0.175425,2155.83,1960.73,0.147461,207.652
110.848,0.160366,2246.92,1932.43,0.144531,206.241
110.912,0.194183,1960.35,1927.58,0.0864258,207.969
110.976,0.182619,1172.72,1683.47,0.0634766,207.655
111.04,0.16149,1910.79,2083.15,0.0922852,207.46
111.104,0.19899,2052.16,2199.28,0.0830078,78.2728
111.168,0.217063,2161.11,2292.11,0.0786133,232.864
111.232,0.216144,2398.66,2445.96,0.0922852,233.436
111.296,0.212358,2305.3,2480.92,0.0961914,155.718
111.36,0.207257,2023.31,2357.72,0.0776367,92.8506
111.424,0.212328,1824.28,2273.67,0.0668945,66.5155
111.488,0.214623,1707.98,2177.84,0.0668945,66.4782
111.552,0.187257,2034.9,2152.74,0.143555,233.927
111.616,0.161639,2896.2,2342,0.20459,210.896
111.68,0.178149,2703.65,2438.94,0.134766,207.313
111.744,0.207467,1899.64,2187.03,0.0683594,203.087
111.808,0.215434,1764.43,2182.32,0.0610352,195.713
111.872,0.187822,2020.55,2193.53,0.101074,199.344
111.936,0.160355,2133.31,2375.04,0.111816,65.8453
112,0.154438,3065.69,2492.62,0.137207,67.2333
112.064,0.14468,3346.68,2507.95,0.217773,66.6727
112.128,0.152512,3004.56,2391.83,0.259277,205.217
112.192,0.152011,3251.13,2372,0.259277,195.583
112.256,0.136144,2629.35,2275.03,0.213867,313.326
112.32,0.129306,2450.82,2243.87,0.145508,222.086
112.384,0.136468,2897.36,2250.64,0.262207,220.458
112.448,0.144389,3750.87,2151.67,0.370605,224.28
112.512,0.150951,2770.22,2231.03,0.28125,64.7113
112.576,0.164764,2793.41,2151.01,0.255371,128.801
112.64,0.143799,3138.92,2312.63,0.275391,188.293
112.704,0.136322,1907.81,2123.04,0.173828,176.187
112.768,0.12476,1854.77,2071.33,0.100586,201.955
112.832,0.0684023,1827.49,1845.44,0.140137,96.8136
112.896,0.04936,1971.69,1740.3,0.168457,87.8745
112.96,0.0931845,2230.29,1842.46,0.219238,219.545
113.024,0.153892,3300.79,2306.82,0.230957,190.754
113.088,0.161842,3020.54,2454.16,0.273438,192.313
113.152,0.122534,4200.61,2237.26,0.456055,71.9841
113.216,0.106308,4361.12,2244.55,0.461426,75.4582
113.28,0.151982,1966.88,2383.87,0.20459,204.959
113.344,0.186705,1585.06,2123.4,0.0556641,203.092
113.408,0.214356,1493.91,2142.56,0.0478516,96.8006
113.472,0.219334,1687.19,2300.68,0.0458984,197.282
113.536,0.20236,1607.48,2235.24,0.0595703,98.1235
113.6,0.214475,2127.45,2417.24,0.0761719,199.905
113.664,0.20996,2003.23,2461.03,0.0800781,193.348
113.728,0.201098,1437.45,2123.75,0.0507812,211.427
113.792,0.182474,1425.51,2111.75,0.0439453,99.0447
113.856,0.17339,1606.5,2111.73,0.0966797,99.4034
113.92,0.153229,2757.91,2317.3,0.205078,196.273
113.984,0.0929625,3082.85,2416.97,0.237793,183.978
114.048,0.0871945,3156.28,2555.88,0.194824,68.8014
114.112,0.103979,3126.09,2405.59,0.262207,93.8357
114.176,0.154409,3012.6,2271.59,0.254395,309.455
114.24,0.154226,3270.13,2405.25,0.319336,67.8186
114.304,0.115871,4465.56,2152.26,0.456543,231.499
114.368,0.101248,4253.73,2254.57,0.441406,139.258
114.432,0.134388,3268.17,2551.83,0.333984,135.515
114.496,0.171991,2550.7,2383.89,0.185547,206.967
114.56,0.196125,2690.1,2486.24,0.124512,89.8204
114.624,0.203143,2669.43,2555.01,0.11084,88.7535
114.688,0.183666,2759.14,2542.95,0.118164,87.3769
114.752,0.191757,2073.91,2316.75,0.101562,87.5069
114.816,0.194357,2555.06,2375.25,0.0756836,87.3669
114.88,0.163916,2719.45,2293.3,0.161133,86.8924
114.944,0.132535,3076.85,2153.19,0.249023,86.4733
115.008,0.143604,2533.9,2291.36,0.160156,86.5268
115.072,0.147649,1568.67,1982.12,0.102051,200.331
115.136,0.123583,2275.85,2202.52,0.135742,492.019
115.2,0.10538,2469.15,2248.05,0.14502,261.476
115.264,0.0889393,2192.88,2199.16,0.155273,513.218
115.328,0.155506,3213.45,2280.57,0.180664,511.771
115.392,0.174791,3013.81,2503.66,0.251953,173.999
115.456,0.124169,3680.81,2361.05,0.387695,71.9933
115.52,0.0929841,4224.09,2335.37,0.450195,164.927
115.584,0.124562,3218.03,2479.79,0.280762,164.887
115.648,0.196275,1558.29,2105.61,0.0957031,202.795
115.712,0.25362,1562.51,2120.96,0.046875,197.286
115.776,0.271451,1538.78,2142.81,0.0385742,197.104
115.84,0.262721,1545.72,2107.26,0.0444336,196.444
115.904,0.24408,2098.65,2291.74,0.0703125,98.3286
115.968,0.195246,2065.93,2454.36,0.0888672,190.483
116.032,0.166302,1742.66,2233.23,0.0693359,65.7884
116.096,0.162387,1422.15,2065.15,0.059082,65.2064
116.16,0.155811,1500.1,2080.56,0.0742188,65.7174
116.224,0.154081,2421.57,2244.4,0.133789,205.528
116.288,0.132333,2480.22,2399.1,0.160156,479.181
116.352,0.119357,2183.3,2275.4,0.114258,254.009
116.416,0.114312,1607.35,1979.3,0.0844727,249.715
116.48,0.149656,1646.07,1881.25,0.0737305,240.745
116.544,0.165695,1696.18,2141.1,0.0668945,204.503
116.608,0.132346,1507.47,2071.98,0.0615234,66.19
116.672,0.113556,1889.14,2413.72,0.0556641,65.4998
116.736,0.111188,1693.2,2286.8,0.0957031,65.8703
116.8,0.12671,3241.54,2121.97,0.249512,65.2507
116.864,0.132119,3470.38,2403.38,0.273926,87.5662
116.928,0.121891,2473.73,2371.13,0.125977,87.5723
116.992,0.137625,1329.67,1869.91,0.0498047,87.6792
117.056,0.159191,1229.33,1858.46,0.0551758,87.5054
117.12,0.162079,1285.51,1671.16,0.0732422,229.377
117.184,0.148794,1568.57,1888.41,0.136719,250.783
117.248,0.146339,3297.38,2110.06,0.25293,506.306
117.312,0.174339,2762.44,2421.32,0.195312,213.975
117.376,0.173628,1683.77,2088.73,0.0737305,207.285
117.44,0.149683,1261.69,1815.74,0.0571289,212.978
117.504,0.168685,1076.43,1652.01,0.0527344,84.4287
117.568,0.17425,970.532,1535.93,0.0537109,69.0714
117.632,0.161393,2146.72,2285.8,0.143066,208.994
117.696,0.173198,3290.38,2238.72,0.196289,206.42
117.76,0.206341,2699.34,2500.72,0.105469,199.331
117.824,0.226857,1527.6,2074.07,0.050293,194.81
117.888,0.203182,1126.24,1850.13,0.0493164,195.613
117.952,0.173037,1137.26,1607.46,0.0683594,197.278
118.016,0.177939,2079.72,2034.21,0.0854492,138.978
118.08,0.209547,1839.03,2065.83,0.0698242,138.574
118.144,0.236563,1312.1,1806.92,0.0454102,138.913
118.208,0.22133,1429.4,1895.97,0.0698242,139.298
118.272,0.192362,2623.82,2352.63,0.116211,141.392
118.336,0.190409,2282.28,2441.9,0.0942383,251.077
118.4,0.195077,1506.92,2010.88,0.0571289,262.156
118.464,0.197816,1219.41,1768.46,0.059082,68.3187
118.528,0.19461,2457.45,2237.89,0.109863,92.906
118.592,0.200765,2888.6,2392.1,0.112793,92.8675
118.656,0.224302,2039.06,2297.98,0.0532227,138.492
118.72,0.212959,1070.31,1597.69,0.0405273,138.475
118.784,0.164292,936.316,1405.96,0.0458984,139.013
118.848,0.170447,1218.05,1812.01,0.0439453,68.889
118.912,0.190637,1096.39,1761.59,0.0395508,69.1054
118.976,0.200875,1150.15,1833.69,0.0395508,69.1778
119.04,0.23191,1186.08,1936.26,0.0385742,69.1311
119.104,0.216711,2256.92,2227.38,0.097168,138.929
119.168,0.186434,2671.14,2288.37,0.130371,272.641
119.232,0.19851,2076.11,2236.35,0.0668945,116.071
119.296,0.192227,1414.61,1851.12,0.0371094,116.684
119.36,0.175756,1109.55,1555.24,0.0424805,116.268
119.424,0.207661,1067.85,1551.32,0.0571289,116.524
119.488,0.227135,1333.99,1797.31,0.0576172,238.463
119.552,0.201986,2410.63,2209.51,0.0839844,117.621
119.616,0.199447,2707.58,2407.3,0.102539,117.814
119.68,0.220694,1696.83,2117.55,0.0634766,117.113
119.744,0.219028,1011.08,1589.83,0.0371094,116.844
119.808,0.221232,887.888,1433.67,0.0327148,116.904
119.872,0.20905,914.305,1427.95,0.0366211,116.705
119.936,0.183807,934.038,1441.97,0.0449219,116.987
120,0.191316,2902.29,2239.84,0.102539,116.456
120.064,0.218942,2502.78,2484.62,0.0961914,222.067
120.128,0.242446,1375.99,1958.98,0.034668,226.314
120.192,0.234488,1049.32,1742.62,0.03125,116.611
120.256,0.208284,884.048,1503.57,0.0366211,116.782
120.32,0.198497,1313.21,1780.53,0.0522461,116.083
120.384,0.205165,1374.71,1825.94,0.0605469,98.427
120.448,0.203495,1133.24,1657.8,0.0498047,98.2988
120.512,0.195417,946.035,1428.11,0.0405273,98.36
120.576,0.185064,2633.83,2354.43,0.0996094,98.4821
120.64,0.16722,2581.92,2500.56,0.144043,235.265
120.704,0.164345,1721.01,2062.45,0.102539,535.535
120.768,0.180773,1337.49,1822.32,0.0693359,97.5547
120.832,0.197412,1412.98,1892.78,0.0942383,233.468
120.896,0.206292,2579.73,2249.33,0.126953,117.285
120.96,0.191676,2228.76,2218.43,0.125,236.522
121.024,0.190843,1867.89,2162.78,0.0957031,117.07
121.088,0.188316,1825.51,2193.34,0.0742188,183.693
121.152,0.171645,2519.06,2573.12,0.0869141,187.063
121.216,0.178992,2151.61,2408.84,0.0976562,188.011
121.28,0.189017,1946.9,2222.3,0.0908203,175.565
121.344,0.187745,1724.78,2063.04,0.0947266,183.715
121.408,0.178368,1952.45,2154.67,0.121582,175.792
121.472,0.191709,2368.78,2294.97,0.118652,190.655
121.536,0.220758,1830.36,2189.98,0.0810547,186.482
121.6,0.205321,1863.01,2241.54,0.0698242,197.643
121.664,0.18042,1846.66,2267.08,0.0737305,213.835
121.728,0.215732,1574.38,2120.42,0.0556641,68.9551
121.792,0.230456,1594.37,2121.61,0.0541992,201.167
121.856,0.19495,2358.23,2461.19,0.149414,196.725
121.92,0.158354,3321.91,2308.85,0.229004,189.797
121.984,0.165735,2614.97,2500,0.158691,205.574
122.048,0.172295,1512.7,2109.78,0.0966797,206.022
122.112,0.156895,1925.04,2321.64,0.104492,179.413
122.176,0.143763,2242.9,2402.29,0.128906,175.504
122.24,0.159999,2636.53,2383.23,0.165527,174.198
122.304,0.182817,2720.03,2435.54,0.169434,174.569
122.368,0.178805,2934.73,2606.18,0.17334,174.853
122.432,0.147917,2784.57,2502.39,0.197266,174.284
122.496,0.135007,2372.8,2342.52,0.159668,174.617
122.56,0.150783,2443.11,2346.94,0.111816,175.238
122.624,0.137447,1263.89,1905.53,0.090332,189.997
122.688,0.128304,2326.68,2288.15,0.104004,87.7569
122.752,0.12029,2721.99,2430.27,0.157715,174.548
122.816,0.126702,2292.58,2516.24,0.120117,161.183
122.88,0.193359,2351.43,2547.15,0.0957031,132.181
122.944,0.220335,2186.12,2498.57,0.112305,190.866
123.008,0.197213,1953.49,2440.37,0.0722656,199.928
123.072,0.168295,2103.98,2488.54,0.0761719,199.39
123.136,0.149342,2363.2,2542.09,0.101074,65.022
123.2,0.136648,2322.08,2362.38,0.180176,200.479
123.264,0.143239,2536.58,2466.69,0.190918,151.227
123.328,0.148467,2033.3,2333.8,0.123535,59.9251
123.392,0.145553,2409.98,2351.17,0.117676,174.904
123.456,0.158933,2291.2,2382.09,0.097168,174.638
123.52,0.162581,2018.37,2367.18,0.0795898,176.159
123.584,0.152828,2492.71,2488.49,0.0932617,174.638
123.648,0.148094,2334.35,2363.07,0.102051,176.012
123.712,0.14339,2620.17,2546.51,0.115723,175.282
123.776,0.128284,2118.09,2279.56,0.189941,186.419
123.84,0.151344,2802.24,2397.62,0.21875,205.45
123.904,0.187657,2094.55,2181.23,0.15332,199.46
123.968,0.204823,2059.84,2174.98,0.101074,207.327
124.032,0.1989,1840.4,2135.57,0.0922852,207.432
124.096,0.18858,2107.92,2275.6,0.0888672,205.441
124.16,0.179877,1971,2081.13,0.112305,200.38
124.224,0.167459,3048.84,2233.91,0.220703,197.516
124.288,0.154127,2918.42,2475.25,0.249023,194.701
124.352,0.145843,1803.18,2132.22,0.13623,221.627
124.416,0.130035,1979.4,2207.65,0.0991211,213.375
124.48,0.121004,1941.17,2155.57,0.105957,175.428
124.544,0.14942,2003.51,2336.62,0.100098,175.965
124.608,0.159026,2921.71,2587.13,0.17334,175.36
124.672,0.18251,2862.36,2527.18,0.158691,185.06
124.736,0.176837,2418.6,2575.88,0.103027,175.605
124.8,0.156544,2417.9,2439.88,0.120605,174.372
124.864,0.152102,2674.05,2416.99,0.14502,174.492
124.928,0.137352,1886.19,2305.16,0.137207,174.603
124.992,0.137752,2366.27,2419.62,0.123047,210.825
125.056,0.12655,2284.53,2399.7,0.137207,164.266
125.12,0.154581,2541.41,2348,0.103027,96.5545
125.184,0.193161,2182.45,2400.37,0.0869141,131.316
125.248,0.215603,2486.58,2467.68,0.0869141,200.205
125.312,0.216518,2280.85,2580.36,0.0571289,193.357
125.376,0.179471,1992.54,2363.84,0.0639648,65.6522
125.44,0.153018,2256.82,2451.96,0.0981445,65.6009
125.504,0.151442,2801.28,2456.73,0.224121,131.067
125.568,0.143473,3570.71,2405.49,0.283203,200.746
125.632,0.140164,2608.59,2485.59,0.185547,140.495
125.696,0.141068,2514.06,2477.01,0.125488,149.903
125.76,0.140633,2565.6,2493.86,0.123047,87.1462
125.824,0.161865,1821.19,2291.85,0.104004,175.654
125.888,0.163042,2218.96,2457.07,0.0932617,176.175
125.952,0.134137,2371.05,2524.5,0.122559,176.033
126.016,0.118559,2437.39,2562,0.138184,65.9535
126.08,0.130962,2066.89,2362.64,0.177734,65.8165
126.144,0.131405,2929.44,2260.82,0.244629,205.478
126.208,0.131748,2441.19,2197.82,0.18457,66.9315
126.272,0.170849,1817.86,1896.33,0.0893555,202.498
126.336,0.17937,2087.21,1969.39,0.0810547,209.13
126.4,0.173776,2083.16,2204.94,0.110352,206.776
126.464,0.17282,2351.37,2183.49,0.161621,202.935
126.528,0.157356,2867.96,2281.13,0.236816,194.827
126.592,0.149116,3182.61,2335.1,0.242676,87.0791
126.656,0.153916,2264.67,2390.96,0.132812,87.4065
126.72,0.139085,1667.76,2127.64,0.0927734,191.985
126.784,0.129578,2170.55,2119.23,0.097168,175.335
126.848,0.140242,2019.77,2224.67,0.0981445,174.969
126.912,0.119971,2389.94,2264.21,0.138184,175.407
126.976,0.180127,2562.18,2490.61,0.131348,175.478
127.04,0.203903,2530.13,2602.47,0.163574,178.466
127.104,0.141128,4147.16,2514.57,0.341309,175.252
127.168,0.124943,3409.67,2696.45,0.351562,175.817
127.232,0.148448,2765.18,2497.8,0.193848,175.769
127.296,0.136126,1742.41,2153.81,0.152344,190.796
127.36,0.101462,2287.19,2385.51,0.133789,174.504
127.424,0.153541,1744.21,2115.24,0.0893555,173.086
127.488,0.167231,2314.24,2185.34,0.137207,177.178
127.552,0.192033,3018.47,2388.8,0.182129,174.572
127.616,0.213062,3052.39,2619,0.13623,193.254
127.68,0.185617,2506.24,2546.05,0.0898438,183.331
127.744,0.158948,2303.75,2298.36,0.125977,185.891
127.808,0.135249,2320.28,2261.83,0.166016,175.538
127.872,0.139063,2677.18,2299.23,0.185059,191.773
127.936,0.145929,2767.04,2382.41,0.184082,175.677
128,0.183318,2377.38,2371.79,0.105469,174.978
128.064,0.169778,2153.52,2432.35,0.0966797,177.952
128.128,0.150949,1936.7,2255.9,0.0981445,174.096
128.192,0.159282,2034.02,2263.41,0.109863,174.553
128.256,0.156838,2317.1,2318.04,0.117188,174.874
128.32,0.154326,2246.49,2225.16,0.11377,175.761
128.384,0.148887,2485.37,2278.11,0.150879,174.915
128.448,0.145447,2489.61,2382.1,0.202637,189.236
128.512,0.136699,2925.6,2477.7,0.211426,87.8372
128.576,0.130706,3213.43,2527.44,0.220215,175.457
128.64,0.131132,3365.6,2581.43,0.202637,174.75
128.704,0.14145,3318.86,2656.27,0.155762,175.681
128.768,0.14602,2134.06,2331.77,0.157227,174.863
128.832,0.153042,2608.47,2373.98,0.160156,170.862
128.896,0.142009,3200.82,2177.02,0.257324,174.035
128.96,0.149724,3211.7,2376.41,0.259766,87.5632
129.024,0.145638,1715.04,2105.42,0.154297,223.852
129.088,0.115918,2090.93,2082.84,0.119141,173.985
129.152,0.121661,3341.57,2308.38,0.237305,174.664
129.216,0.132558,3048.85,2410.17,0.26709,184.051
129.28,0.159146,2713.88,2476.58,0.156738,176.224
129.344,0.185784,3170,2640.44,0.134766,180.182
129.408,0.178946,2983.12,2661.14,0.0991211,175.06
129.472,0.159568,2117.97,2380.09,0.108887,175.852
129.536,0.152838,3085.28,2522.52,0.163574,175.796
129.6,0.130445,1910.69,2286.5,0.178223,187.837
129.664,0.0915422,3001.72,2536.07,0.20752,60.1359
129.728,0.0933937,3056.66,2519.1,0.214355,154.911
129.792,0.171297,2091.71,2319.73,0.119141,131.447
129.856,0.218142,2009.64,2429.08,0.0561523,131.06
129.92,0.208227,2392.47,2547.17,0.0732422,88.5592
129.984,0.190666,2159.08,2553.14,0.081543,65.5513
130.048,0.187516,2113.13,2498.11,0.0678711,65.1262
130.112,0.194031,1790.88,2386.44,0.0454102,65.7805
130.176,0.181679,2021.87,2206.76,0.116211,244.997
130.24,0.16538,2581.95,2300.49,0.155273,214.566
130.304,0.159084,2194.89,2223.97,0.108398,130.929
130.368,0.190885,1935.95,2196.4,0.0717773,130.848
130.432,0.219663,2158.85,2456.15,0.0493164,130.477
130.496,0.2106,1627.98,2286.23,0.0546875,65.2993
130.56,0.185779,1789.05,2365.66,0.0551758,66.0171
130.624,0.164281,2161.8,2451.81,0.0703125,66.0686
130.688,0.155493,1935.1,2330.18,0.0874023,176.328
130.752,0.15818,2029.83,2247.41,0.158203,176.107
130.816,0.164843,3054.08,2440.13,0.181641,186.633
130.88,0.156339,2854.91,2601.94,0.137207,175.842
130.944,0.130612,3092.59,2681.21,0.14502,174.158
131.008,0.0988979,2810.82,2671.79,0.131836,179.114
131.072,0.086305,2321.36,2375.36,0.14209,67.8791
131.136,0.0892144,3445.59,2230.93,0.273438,65.7844
131.2,0.127933,3497.75,2116.49,0.37207,127.86
131.264,0.135965,3598.33,2358.67,0.32373,190.991
131.328,0.137186,2335.55,2367.2,0.20459,174.948
131.392,0.13502,2575.22,2487.52,0.13916,205.056
131.456,0.106041,4125.56,2492.06,0.358398,205.625
131.52,0.141237,3853.35,2716.65,0.358887,204.658
131.584,0.189568,2783.98,2743.59,0.124512,129
131.648,0.196942,2554.09,2564.57,0.109375,88.2561
131.712,0.183032,2731.88,2660.28,0.0957031,87.8625
131.776,0.171753,2308.85,2471.66,0.0859375,87.0001
131.84,0.157021,2284.85,2400.97,0.0849609,261.997
131.904,0.14683,2438.7,2305.6,0.17334,240.849
131.968,0.164295,2892.29,2488.72,0.20166,216.358
132.032,0.157068,2400.47,2327.05,0.135254,232.916
132.096,0.1146,2347.13,2386.17,0.115723,232.505
132.16,0.12574,1784.74,1998.36,0.0810547,236.657
132.224,0.204919,2353.95,2355.32,0.0976562,231.451
132.288,0.216628,2472.52,2523.71,0.122559,204.444
132.352,0.186029,2307.85,2455.72,0.09375,231.935
132.416,0.212347,1791.17,2274.4,0.0493164,228.697
132.48,0.220187,1534.35,2031.16,0.0761719,233.965
132.544,0.170886,2733.38,2304.18,0.179199,222.165
132.608,0.112382,3062.36,2506.91,0.203613,233.904
132.672,0.138309,2563.16,2078.65,0.147461,116.505
132.736,0.209673,2203.21,2375.33,0.0893555,233.266
132.8,0.258496,1379.51,2115.34,0.0419922,232.348
132.864,0.246179,1884.96,2414.13,0.0390625,77.4876
132.928,0.202614,2251.13,2627.2,0.0629883,228.781
132.992,0.173464,2931.78,2663.89,0.131836,222.158
133.056,0.151434,3372.25,2763.09,0.230469,232.103
133.12,0.132013,3184.38,2513.78,0.249023,218.137
133.184,0.165502,2515.64,2535.41,0.13623,236.322
133.248,0.217955,1604.32,2126.56,0.0415039,217.621
133.312,0.239836,1606.19,2115.34,0.0317383,207.057
133.376,0.245212,1670.65,2157.87,0.0395508,208.521
133.44,0.236,2045.97,2304.6,0.0771484,207.866
133.504,0.19742,2621.63,2254.5,0.175781,208.132
133.568,0.153818,3231.37,2296.49,0.248047,206.014
133.632,0.149944,2712.53,2414.22,0.186523,88.031
133.696,0.17913,1804.43,2128.57,0.0898438,209.907
133.76,0.18848,2260.96,2400.68,0.0668945,233.931
133.824,0.141283,2243.88,2514.89,0.0844727,230.185
133.888,0.0817366,2412.11,2119.67,0.168945,217.968
133.952,0.147765,2882.36,2395.46,0.210449,204.833
134.016,0.172299,3366.29,2579.85,0.20166,181.189
134.08,0.124496,3462.46,2459.11,0.276367,171.92
134.144,0.135633,2443.23,2264.42,0.221191,215.633
134.208,0.155348,2000.77,2222.58,0.112793,615.385
134.272,0.129545,1378.17,1749.05,0.122559,206.607
134.336,0.0952633,2066.68,2140.94,0.148926,190.741
134.4,0.12867,2435.93,2025.51,0.166504,193.455
134.464,0.194368,1899.6,2067.55,0.108398,194.568
134.528,0.21997,2190.38,2273.19,0.0698242,196.87
134.592,0.195732,2443.89,2306.1,0.117188,195.703
134.656,0.158738,2602.27,2497.74,0.147949,196.775
134.72,0.14061,2825.35,2467.58,0.159668,66.3423
134.784,0.142681,2629.63,2562.69,0.140137,197.134
134.848,0.161394,2376.96,2287.09,0.177246,198.069
134.912,0.150678,2897.08,2434.08,0.285645,197.206
134.976,0.145338,3291.31,2588.4,0.237305,194.666
135.04,0.176844,2787.19,2438.68,0.0996094,194.668
135.104,0.198601,2220.52,2249.02,0.0615234,195.766
135.168,0.187927,2097.18,2083.61,0.111328,195.957
135.232,0.16828,2282.41,2189.72,0.147461,196.374
135.296,0.159447,2284.7,2212.56,0.197754,196.84
135.36,0.151474,4100.03,2175.19,0.353516,196.448
135.424,0.133674,2735.45,2405.32,0.382324,194.774
135.488,0.126371,3029.75,2246.81,0.291016,204.013
135.552,0.139997,2507.06,1922.33,0.226074,206.195
135.616,0.136411,2203.22,2137.86,0.154297,206.667
135.68,0.137573,2229.94,2278.56,0.0913086,176.538
135.744,0.148533,1777.94,2143.07,0.0488281,174.739
135.808,0.15096,2040.49,2315.68,0.130371,174.981
135.872,0.162343,3095.54,2253.41,0.203613,174.167
135.936,0.169775,3033.4,2474.87,0.149414,87.8394
136,0.142985,1472.75,2023.76,0.101074,176.23
136.064,0.130512,1965.92,2062.38,0.121094,87.3749
136.128,0.119737,2311.26,2251.65,0.147949,175.233
136.192,0.0740992,2398.29,2196.51,0.154297,175.234
136.256,0.11774,2189.14,2191.47,0.147461,174.918
136.32,0.175923,2385.61,2445.87,0.134277,194.273
136.384,0.190659,2476.43,2396.86,0.09375,195.533
136.448,0.18669,1902.73,2211.12,0.0385742,200.277
136.512,0.171203,1589.11,2069.46,0.0307617,189.407
136.576,0.170135,1171.43,1701.38,0.0600586,198.965
136.64,0.189891,1832,2097.18,0.0810547,230.638
136.704,0.198732,1506.37,1965.63,0.0776367,232.499
136.768,0.160676,1557.58,2039.83,0.0830078,233.699
136.832,0.136105,2170.73,2420.16,0.0932617,244.27
136.896,0.199493,1979.59,2340.62,0.0908203,211.23
136.96,0.199697,1970.14,2351.68,0.0844727,224.567
137.024,0.146056,1565.39,2084.03,0.090332,238.615
137.088,0.123726,1657.18,2156.28,0.0839844,121.075
137.152,0.138758,2283,2402.19,0.155762,127.702
137.216,0.146012,2886.98,2290.96,0.219727,224.624
137.28,0.138656,3317.22,2311.65,0.314941,225.37
137.344,0.156056,3278.01,2353.1,0.3125,241.888
137.408,0.17677,2655.73,2136.26,0.191895,234.078
137.472,0.176147,2440.93,2273.67,0.17334,234.298
137.536,0.166207,2946.31,2559.42,0.163086,116.948
137.6,0.184004,2694.14,2519.5,0.129395,65.9422
137.664,0.176184,2103.39,2271.59,0.103027,232.406
137.728,0.153439,1967.49,2124.69,0.139648,214.158
137.792,0.152505,2872.07,2389.38,0.154297,206.256
137.856,0.166536,2672.87,2584.86,0.102539,242.658
137.92,0.160877,2608.37,2688.18,0.102051,129.348
137.984,0.187366,2208.29,2581.35,0.0883789,256.384
138.048,0.211988,1944.85,2209.78,0.0888672,209.949
138.112,0.181076,2589.88,2082.56,0.18457,191.059
138.176,0.164822,3080.68,2048.3,0.293457,262.43
138.24,0.154673,3188.22,2222.37,0.279785,130.788
138.304,0.14821,2115.99,2180.05,0.147461,87.6887
138.368,0.138593,2070.82,2073.2,0.170898,213.823
138.432,0.135098,2722.11,1862.9,0.256836,261.567
138.496,0.154664,2708.69,1858.57,0.243164,234.874
138.56,0.168397,2764.24,2056.71,0.199707,233.033
138.624,0.187477,2499.24,2353.27,0.141113,233.725
138.688,0.193331,2600.42,2480.08,0.113281,198.447
138.752,0.195668,2323.59,2160.15,0.109863,116.779
138.816,0.206714,2230.44,2157.35,0.097168,233.847
138.88,0.181174,2868.97,2295.42,0.189453,232.081
138.944,0.152573,2752.53,2333.95,0.259766,216.75
139.008,0.166198,2432.58,1865.24,0.200684,398.922
139.072,0.197999,2735.86,1954.98,0.145508,277.465
139.136,0.197556,2689.18,2008.16,0.13916,277.363
139.2,0.217059,2284.28,2240.92,0.100586,277.585
139.264,0.218212,2201.03,2476.51,0.0527344,193.849
139.328,0.153997,2474.32,2489.95,0.137207,204.192
139.392,0.115951,3945.32,2647.09,0.293945,68.6618
139.456,0.125642,3659.78,2824.09,0.311523,65.2909
139.52,0.150964,2843.73,2345.6,0.242676,188.9
139.584,0.167404,2972.39,2265.57,0.273926,232.842
139.648,0.171491,2843.58,2138.49,0.290039,232.48
139.712,0.1582,2698.82,2084.11,0.254395,116.709
139.776,0.161151,2399.6,2295.07,0.186035,116.753
139.84,0.166863,2963.66,2557.34,0.154297,116.716
139.904,0.157175,2741.08,2329.64,0.187012,116.704
139.968,0.165777,2783.05,2364.73,0.156738,116.502
140.032,0.190468,1899.9,2184.33,0.109375,233.063
140.096,0.186637,2380.56,2242.69,0.117676,226.359
140.16,0.173,2570.05,2292.43,0.132812,116.959
140.224,0.182274,2212.58,2104.11,0.112793,116.8
140.288,0.19008,2241.78,2097.57,0.100098,233.37
140.352,0.180513,2212.55,2064.7,0.142578,233.472
140.416,0.163455,2756.05,1920.11,0.200195,230.747
140.48,0.164698,3020.39,2112.48,0.257812,261
140.544,0.163459,3212.59,2053.01,0.311035,263.16
140.608,0.162834,3170.68,2202.46,0.269531,87.287
140.672,0.140873,2104.76,2085.19,0.22168,214.67
140.736,0.110621,2732.94,2165.15,0.220215,262.975
140.8,0.143533,2700.52,2180.71,0.181641,263.415
140.864,0.150699,2620.13,2132.17,0.159668,260.554
140.928,0.162675,2358.77,2237.22,0.152832,264.032
140.992,0.172328,2675.09,2524.67,0.153809,174.158
141.056,0.160174,2491.08,2196.06,0.158203,173.665
141.12,0.167641,2293.62,2059.4,0.149902,257.304
141.184,0.170451,2437.73,2023.41,0.147461,262.364
141.248,0.147032,1529.77,1885.45,0.141602,206.261
141.312,0.115728,2298.34,2058.23,0.155273,261.877
141.376,0.120914,2520.41,2066.09,0.179199,259.964
141.44,0.125833,2762.2,2040.6,0.194824,262.174
141.504,0.170119,2439.83,2099.92,0.15625,259.932
141.568,0.213771,2427.71,2420.52,0.097168,183.022
141.632,0.208182,2103.12,2270.26,0.0947266,236.911
141.696,0.174515,2148.09,2160.04,0.125,236.659
141.76,0.16784,2363.05,2211.6,0.138184,116.618
141.824,0.167401,2448.47,2213.89,0.212402,231.998
141.888,0.168559,3022.94,2239.83,0.267578,232.244
141.952,0.175695,2472.21,2011.63,0.240234,232.944
142.016,0.184531,2317.16,1942.4,0.174316,233.436
142.08,0.203099,1938.24,1923.24,0.100098,233.668
142.144,0.193417,1693.93,2050.39,0.0942383,232.011
142.208,0.167246,2099.1,1979.35,0.133301,116.272
142.272,0.147169,2218.78,2126.44,0.147461,231.937
142.336,0.138702,1851.92,1999.34,0.102051,231.923
142.4,0.15125,1451.52,1838.88,0.0898438,196.309
142.464,0.170325,2329.92,2191.4,0.106445,94.7101
142.528,0.198415,2293.4,2213.37,0.104004,233.724
142.592,0.214679,2153.17,2138.52,0.112793,232.947
142.656,0.200977,1996.09,2027.53,0.0966797,233.208
142.72,0.163752,1552.08,1905.81,0.0888672,231.241
142.784,0.135566,1973.58,1946.81,0.12793,212.265
142.848,0.133403,2211.81,1996.43,0.146973,209.041
142.912,0.112837,2134.33,2123.19,0.126953,209.14
142.976,0.137376,1226.59,1781.58,0.0922852,465.423
143.04,0.158854,1813.23,2062.58,0.106445,197.686
143.104,0.189395,2117.41,2129.78,0.127441,197.345
143.168,0.219873,2336.52,2209.68,0.102539,196.005
143.232,0.205922,2127.81,2121.82,0.0996094,195.731
143.296,0.154076,1730.9,2166.68,0.117188,196.142
143.36,0.0927716,2215.54,2326.18,0.175293,196.49
143.424,0.0824886,3979.65,2426.77,0.362305,195.045
143.488,0.0648253,4586.47,2366.26,0.507812,192.699
143.552,0.122381,2318.09,2671.09,0.296387,197.245
143.616,0.185594,1806.41,1937.94,0.0708008,201.125
143.68,0.192539,1493.06,1897.7,0.0712891,196.931
143.744,0.20293,1622.09,2091.71,0.0678711,207.44
143.808,0.211472,1323.37,1915.63,0.0639648,200.192
143.872,0.166356,1600.33,1974.22,0.0732422,196.648
143.936,0.117873,1849.21,2100.38,0.0952148,96.3997
144,0.127932,1960.28,2101.1,0.103027,96.3839
144.064,0.128494,2015.46,1991.9,0.14209,95.1589
144.128,0.137567,2555.77,2097.14,0.225586,194.424
144.192,0.139555,2917.09,2010.08,0.291016,81.3507
144.256,0.113733,2931.96,1942.72,0.333496,615.385
144.32,0.155209,2543.35,2237.11,0.257324,431.231
144.384,0.171797,2066.93,2254.58,0.140137,615.385
144.448,0.157636,1581.64,1861.19,0.121094,142.227
144.512,0.146602,2729.07,2346.62,0.271973,615.385
144.576,0.138411,4034.02,2344.96,0.392578,173.834
144.64,0.169945,2446.78,2443.64,0.212402,177.97
144.704,0.176365,1703.92,2140.52,0.09375,174.45
144.768,0.163781,2497.12,2312.03,0.146484,186.422
144.832,0.18418,1755.23,2128.15,0.124023,197.932
144.896,0.182037,1518.17,1929.57,0.0898438,211.942
144.96,0.137705,1626.87,1999.51,0.124023,195.646
145.024,0.131286,3285.76,2109.06,0.219727,188.85
145.088,0.161004,2426.45,2347.99,0.202148,193.783
145.152,0.163143,2618.46,2213.69,0.199219,615.385
145.216,0.148705,3158.49,2290.54,0.239258,89.8072
145.28,0.147139,2376.48,2346.21,0.15625,87.849
145.344,0.14714,1699.99,2023.56,0.132324,191.053
145.408,0.12566,2289.34,2168.38,0.193848,102.193
145.472,0.0905678,2502.9,2241.98,0.257324,213.267
145.536,0.0912724,4190.42,2216.84,0.466797,173.93
145.6,0.161218,3933.03,2517.24,0.421387,101.232
145.664,0.185336,2341.6,2489.28,0.135742,190.74
145.728,0.145794,2616.66,2488.31,0.131836,142.269
145.792,0.151413,2112.88,2397.45,0.128906,174.638
145.856,0.159291,1637.53,2128.85,0.0737305,174.589
145.92,0.13415,1560.59,1953.73,0.112305,205.034
145.984,0.121633,2912.5,2437.2,0.278809,174.287
146.048,0.132642,4262,2453.33,0.333008,174.24
146.112,0.150347,3110.65,2594.88,0.167969,174.761
146.176,0.218495,2149.4,2395.76,0.0576172,174.243
146.24,0.239641,2164.22,2536.87,0.0454102,191.072
146.304,0.19663,1705.62,2312.51,0.0551758,115.489
146.368,0.157492,1881.18,2169.21,0.09375,117.522
146.432,0.132855,2069.74,2225.93,0.129395,244.468
146.496,0.144011,2518.38,2155.95,0.182617,204.282
146.56,0.140468,2462.59,2305.86,0.171387,218.68
146.624,0.131545,1952,2046.22,0.116699,175.924
146.688,0.138371,1855.26,2071.94,0.0888672,303.297
146.752,0.162815,1641.6,2129.05,0.0698242,130.08
146.816,0.182597,1889.81,2158.6,0.0976562,73.3051
146.88,0.163022,1869.06,2021.48,0.121094,615.385
146.944,0.139858,2215.42,2199.07,0.147461,195.763
147.008,0.151704,2643.43,2295.49,0.155762,174.773
147.072,0.148584,2561.47,2235.87,0.212891,174.642
147.136,0.140556,2999.97,2376.39,0.219238,175.301
147.2,0.156921,1921.81,2122.35,0.123535,174.191
147.264,0.160475,1908.64,2059.35,0.0966797,175.599
147.328,0.158165,2008.28,2123.66,0.111816,174.777
147.392,0.154033,2259,2138.14,0.126953,174.878
147.456,0.138251,2118.46,2241.54,0.175293,174.592
147.52,0.137803,3198.62,2121.42,0.226562,187.059
147.584,0.15432,2761.54,2333.74,0.187012,86.8583
147.648,0.145699,1582.52,1994.83,0.140625,175.989
147.712,0.124037,2316.21,2251.03,0.146973,87.3216
147.776,0.139982,2152.13,2107.61,0.134277,174.345
147.84,0.140571,2519.59,2260.21,0.136719,175.237
147.904,0.15021,2827.59,2232.82,0.17627,174.836
147.968,0.19356,2901.4,2511.55,0.144043,188.637
148.032,0.181304,2622.95,2439.48,0.11377,175.935
148.096,0.153632,2202.39,2082.99,0.117676,174.575
148.16,0.167501,1921.91,2110.71,0.0888672,174.905
148.224,0.158885,1188.52,1694.31,0.106445,174.822
148.288,0.136133,1941.71,1979.57,0.118164,219.799
148.352,0.13935,1810.22,2067.94,0.0986328,95.0111
148.416,0.160474,1348,1843.86,0.0917969,129.749
148.48,0.188139,2667.28,2463.53,0.146484,130.623
148.544,0.218394,1899.6,2354.11,0.127441,202.1
148.608,0.208375,2344.52,2284.85,0.0834961,92.7344
148.672,0.212163,2154.98,2227.28,0.0800781,193.444
148.736,0.224583,2020.68,2278.85,0.065918,194.233
148.8,0.198434,1874,2153.22,0.141602,197.785
148.864,0.1614,2993.48,2305.55,0.198242,204.855
148.928,0.147247,2717.97,2285.53,0.165527,186.76
148.992,0.157342,2484.87,2307.43,0.117188,175.079
149.056,0.153154,1928.03,2222.19,0.0791016,175.387
149.12,0.141336,1459.06,1959.59,0.0961914,175.196
149.184,0.137375,2291.18,2163.47,0.141113,62.9154
149.248,0.127525,1762.86,2093.45,0.112305,63.9648
149.312,0.122197,1908.48,2362.2,0.0634766,64.2082
149.376,0.152098,1699.13,2158.81,0.104492,66.2927
149.44,0.153842,2871.89,2426.23,0.161133,195.235
149.504,0.123531,2719.56,2516.33,0.16748,177.116
149.568,0.138681,2195.83,2190.24,0.125488,174.938
149.632,0.17194,2145.62,2225.75,0.074707,173.831
149.696,0.177917,2091.63,2198.93,0.0839844,174.552
149.76,0.155441,2596.72,2291.05,0.178223,175.281
149.824,0.144847,3754.68,2258.64,0.31543,174.716
149.888,0.147591,3777.2,2366.84,0.361816,183.233
149.952,0.142625,3696.05,2605.7,0.298828,87.0894
150.016,0.150189,3071.92,2719.98,0.201172,204.573
150.08,0.152431,2070.24,2330.5,0.125977,235.792
150.144,0.178824,1843.66,2228.52,0.0864258,170.214
150.208,0.192311,1591.49,2171.59,0.0742188,176.79
150.272,0.201692,2110.88,2329.09,0.0703125,179.456
150.336,0.178658,2865.49,2548.29,0.138672,192.625
150.4,0.131413,3327.38,2584.18,0.171875,175.845
150.464,0.145423,2271.1,2288.85,0.14502,173.741
150.528,0.147117,2164.88,2203.23,0.135742,175.76
150.592,0.120262,1431.83,2023.77,0.108398,205.792
150.656,0.076155,2074.26,2331.63,0.156738,226.233
150.72,0.105533,2793.67,2320.19,0.231445,99.352
150.784,0.151732,2815.67,2304.32,0.210449,173.211
150.848,0.222781,2505.88,2392.94,0.118164,175.671
150.912,0.238781,2281.2,2512.42,0.0566406,192.854
150.976,0.205064,1931.11,2284.74,0.0493164,221.157
151.04,0.191023,2033.94,2284.29,0.0556641,117.064
151.104,0.168591,2071.54,2416.1,0.105469,59.9251
151.168,0.152432,2956.59,2221.01,0.23291,208.092
151.232,0.132597,3955.48,2244.83,0.441406,89.8197
151.296,0.112404,4757.98,1958.56,0.59082,96.4762
151.36,0.10324,4748.85,1942.78,0.544434,60.6076
151.424,0.13784,2830.87,2553.59,0.294434,220.399
151.488,0.139745,2078.26,2254.72,0.133301,176.759
151.552,0.1224,3234.98,2485.76,0.206055,175.679
151.616,0.123444,2761.04,2584.48,0.217773,179.978
151.68,0.129658,2784.98,2505.44,0.146973,90.1593
151.744,0.143633,2519.57,2315.59,0.165039,203.39
151.808,0.144313,2704.62,2358.36,0.200684,180.444
151.872,0.15455,2468.22,2216.81,0.192383,173.424
151.936,0.135841,3252.51,2537.58,0.298828,174.56
152,0.121129,3878.65,2577.06,0.340332,173.953
152.064,0.134219,2370.84,2314.53,0.218262,177.087
152.128,0.13888,2515.27,2239.76,0.212402,174.303
152.192,0.138998,3131.2,2070.89,0.315918,173.549
152.256,0.148501,3588.08,2408.98,0.273438,88.292
152.32,0.145022,2017.4,2382.85,0.136719,191.151
152.384,0.148534,1941.43,2258.54,0.0966797,88.4063
152.448,0.152172,2023.13,2462.17,0.0791016,174.637
152.512,0.115633,2365.68,2580.48,0.0708008,173.781
152.576,0.176771,2331.64,2569.6,0.0869141,164.823
152.64,0.231492,1908.58,2358,0.0761719,190.425
152.704,0.204084,2018.97,2420.8,0.0615234,181.604
152.768,0.159047,2225.65,2454.74,0.109375,90.4198
152.832,0.136354,4138.77,2532.93,0.29248,127.632
152.896,0.120409,3034.99,2827.96,0.359375,204.681
152.96,0.119431,3440.91,2762.04,0.196289,235.01
153.024,0.132612,3411.92,2641.63,0.142578,65.3802
153.088,0.138857,4040.47,2501.19,0.175781,64.8089
153.152,0.201251,2854.08,2757.37,0.110352,128.466
153.216,0.22403,1954.86,2401.96,0.0561523,65.1053
153.28,0.188913,2040.68,2502.96,0.0810547,63.954
153.344,0.160687,3371.79,2756.33,0.140137,65.326
153.408,0.132027,4334.53,2583.25,0.274414,65.3989
153.472,0.154963,3172.33,2639.59,0.285645,213.125
153.536,0.180849,2782.05,2450.21,0.149902,192.377
153.6,0.152928,2670.06,2449.9,0.0981445,184.167
153.664,0.125987,2794.71,2396.95,0.110352,85.9772
153.728,0.144334,3778.45,2608.13,0.138184,128.17
153.792,0.163739,1971.88,2474.92,0.106934,219.396
153.856,0.158968,1724.84,2377.63,0.0615234,161.084
153.92,0.156927,1635.54,2366.31,0.0615234,88.3366
153.984,0.167221,1769.65,2499.21,0.0585938,88.0016
154.048,0.172765,1801.6,2113.9,0.120605,173.749
154.112,0.179807,2681.47,2374.33,0.146973,206.866
154.176,0.183868,2066.92,2325.57,0.0917969,193.976
154.24,0.173661,1932.66,2305.46,0.0932617,96.3598
154.304,0.158513,2204.43,2399.74,0.0913086,89.7847
154.368,0.146518,2176.54,2362.39,0.114746,270.434
154.432,0.114311,3596.24,2435.39,0.271973,128.185
154.496,0.125976,3410.28,2186.98,0.323242,129.265
154.56,0.164825,2958.83,2345.64,0.192383,86.7705
154.624,0.160277,1902.05,2282.64,0.0917969,86.9262
154.688,0.132891,1791.44,2048.51,0.0883789,205.488
154.752,0.113641,2202,2272.23,0.108887,242.874
154.816,0.103755,2118.44,2357.33,0.074707,129.839
154.88,0.126072,1287.2,1892.5,0.0522461,255.517
154.944,0.177208,2547.33,2457.37,0.0703125,257.707
155.008,0.197516,2056.24,2368.07,0.0922852,234.426
155.072,0.190114,2197.73,2298.41,0.105957,152.112
155.136,0.183692,2386.84,2310.66,0.113281,176.323
155.2,0.168072,2153.64,2256.31,0.108887,174.369
155.264,0.15649,1938.59,2223.6,0.0927734,186.014
155.328,0.140383,2171.72,2259.99,0.115234,313.454
155.392,0.130688,2224.99,2256.19,0.130859,173.523
155.456,0.131738,1917.58,2134.74,0.101074,163.426
155.52,0.212397,1930.91,2277.39,0.0664062,309.412
155.584,0.24408,2049.31,2513.31,0.0488281,201.337
155.648,0.217109,1543.47,2139.22,0.0424805,226.191
155.712,0.202086,1737.17,2184.21,0.0410156,117.428
155.776,0.166618,1780.05,2122.07,0.10498,116.833
155.84,0.129628,2803.7,2204.77,0.248535,203.779
155.904,0.0893901,3153.38,2362.58,0.261719,69.5432
155.968,0.107631,2322.53,2209.42,0.196777,71.4852
156.032,0.157288,2456.81,2131.74,0.165039,262.142
156.096,0.197689,1970.26,2147.31,0.0844727,261.824
156.16,0.175217,1942.6,2299.85,0.15332,259.936
156.224,0.135632,3981.19,2572.53,0.3125,253.941
156.288,0.148875,3239.62,2419.97,0.312012,155.837
156.352,0.152146,2606.07,2063.63,0.244141,309.884
156.416,0.146921,2552.81,2230.17,0.242188,192.679
156.48,0.14906,2858.11,2109.34,0.249023,309.6
156.544,0.157221,2712.76,1876.5,0.273438,313.95
156.608,0.158817,2880.7,1944.94,0.29248,353.567
156.672,0.147857,2489.12,1922.08,0.242188,347.674
156.736,0.124856,2506.22,2090.55,0.197266,490.119
156.8,0.125816,2651.65,2162.87,0.205078,87.0477
156.864,0.151592,3206.92,2163.82,0.211914,85.998
156.928,0.17712,2949.73,2448.56,0.135254,87.7536
156.992,0.159889,1652.19,2050.83,0.0952148,236.751
157.056,0.147686,2256.09,2271.68,0.0991211,87.3901
157.12,0.172099,2563.36,2366.78,0.0727539,261.834
157.184,0.152478,2581.09,2432.24,0.0688477,262.362
157.248,0.187934,2154.89,2418.63,0.0712891,262.069
157.312,0.198202,2358.52,2293.43,0.133301,198.019
157.376,0.161611,2350.07,2004.36,0.185059,203.548
157.44,0.164994,2283.42,2025.94,0.158203,155.681
157.504,0.156238,2174.45,2043.34,0.161133,155.391
157.568,0.138941,2844.18,2477.04,0.250977,96.0449
157.632,0.160027,2962.93,2523.91,0.224609,276.765
157.696,0.179307,2486.63,2048.34,0.168945,277.614
157.76,0.172468,2380.69,1878.21,0.192871,275.696
157.824,0.199019,2413.4,1939.66,0.162598,278.757
157.888,0.212545,2319.98,2311.53,0.12793,210.015
157.952,0.178533,2278.51,2108.28,0.140137,205.683
158.016,0.138195,2064.77,2003.13,0.171875,92.9612
158.08,0.13464,2490.51,2060.85,0.178711,65.2452
158.144,0.134456,2484.37,2232.94,0.25,202.599
158.208,0.113679,3668.58,2345.33,0.416504,206.187
158.272,0.0814534,4265.64,2371.11,0.493652,64.2554
158.336,0.124031,2632.18,2445.69,0.312012,138.829
158.4,0.172423,2058.3,2003.13,0.15918,232.49
158.464,0.171117,1645.57,1982.9,0.13623,232.282
158.528,0.182807,1521.86,1917.91,0.0761719,232.062
158.592,0.190205,1677.58,1878.65,0.0805664,231.661
158.656,0.154549,1950.03,2068.22,0.120605,232.606
158.72,0.140692,2321.92,2238.42,0.177734,232.237
158.784,0.146456,3056.93,2394.65,0.196289,201.46
158.848,0.145826,2257.29,2015.7,0.15332,65.3531
158.912,0.124698,1998.87,1845.79,0.124023,261.441
158.976,0.134392,1749.43,1866.7,0.0888672,87.2722
159.04,0.19818,1187.4,1787.55,0.0546875,211.857
159.104,0.19863,1877.41,2381.77,0.0966797,207.317
159.168,0.165559,3546.76,2289.24,0.260254,202.347
159.232,0.179681,3509.02,2476.95,0.228516,189.02
159.296,0.183887,2021.52,2352.17,0.0913086,206.684
159.36,0.167625,2039.4,2350.12,0.0888672,206.534
159.424,0.215029,1750.01,2045.16,0.090332,208.513
159.488,0.246041,2036.92,2044.95,0.0825195,207.866
159.552,0.265938,1412.33,1826.5,0.0639648,207.761
159.616,0.25202,1844.32,2241.51,0.078125,202.71
159.68,0.186248,2252.79,2128.17,0.134277,208.321
159.744,0.147624,2331.87,2161.64,0.242676,77.497
159.808,0.130747,4215.79,2105.53,0.457031,232.913
159.872,0.141138,3812.85,2552.57,0.426758,234.553
159.936,0.169546,3188.36,2650.2,0.187012,205.082
160,0.220891,2299.28,2479.09,0.105957,197.563
160.064,0.205737,2690.34,2573.41,0.205566,195.938
160.128,0.146431,4455.82,2269.28,0.406738,192.767
160.192,0.208122,3052.63,2637.94,0.29248,200.366
160.256,0.243062,1973.06,2394.16,0.0668945,200.946
160.32,0.204999,1460.67,1896.7,0.0693359,212.989
160.384,0.193139,1697.5,2006.68,0.0844727,230.961
160.448,0.200434,1575.48,1969.11,0.107422,232.92
160.512,0.194788,2679.36,2330.55,0.130371,234.148
160.576,0.195812,2256.19,2308.39,0.111816,234.18
160.64,0.20296,1648.79,2018.78,0.0791016,116.506
160.704,0.213649,1444.71,1873.09,0.0722656,116.72
160.768,0.206187,1385.02,1917.56,0.0698242,116.659
160.832,0.1964,1528.82,1980.51,0.0610352,77.4413
160.896,0.188924,1549.53,1851.65,0.0703125,233.471
160.96,0.176018,1776.76,1969.82,0.0834961,241.239
161.024,0.185778,1495.42,1870.94,0.108887,239.967
161.088,0.18497,2368.34,2244.39,0.121582,231.906
161.152,0.176566,2012.67,2246.48,0.0922852,211.627
161.216,0.167355,1593.45,2058.21,0.0771484,211.313
161.28,0.17655,1635.48,2088.31,0.074707,212.128
161.344,0.197897,1550.83,2048.31,0.0678711,209.951
161.408,0.174746,1721.22,2101.83,0.0942383,218.033
161.472,0.139075,2262.61,2231.14,0.166504,104.462
161.536,0.152301,2930.2,2171.13,0.19043,221.978
161.6,0.1701,2308.01,2353.24,0.115723,181.767
161.664,0.14795,1533.31,2026.8,0.0712891,200.68
161.728,0.122458,1619.91,1968.94,0.0942383,228.947
161.792,0.136477,1583.53,1912.03,0.0888672,103.622
161.856,0.137986,1558.45,1913.23,0.0727539,103.358
161.92,0.203114,1535.29,2021.75,0.0668945,103.777
161.984,0.207076,1917.64,2329.63,0.0878906,201.471
162.048,0.143067,2134.73,2356.22,0.10791,69.7345
162.112,0.141988,1626.31,2049.69,0.0883789,231.616
162.176,0.151054,1678.65,2074.56,0.0678711,231.312
162.24,0.145654,1005.3,1636,0.0625,221.908
162.304,0.122437,1378.85,1818.4,0.0712891,89.9823
162.368,0.11215,1525.95,1845.29,0.0834961,246.87
162.432,0.114793,1462.69,1803.54,0.0776367,247.853
162.496,0.203569,1559.38,2017.28,0.0537109,104.201
162.56,0.218678,2227.67,2455.52,0.078125,191.546
162.624,0.155531,2277.75,2472.32,0.0878906,65.2384
162.688,0.1441,1932.97,2312.67,0.074707,65.4586
162.752,0.1542,1924.63,2243.68,0.0756836,65.0262
162.816,0.144776,2091.76,2096.88,0.171387,235.791
162.88,0.11278,2868.94,2287.88,0.207031,242.889
162.944,0.103248,2503.64,2331.98,0.179688,242.175
163.008,0.129881,2541.74,2168.72,0.243652,246.681
163.072,0.162945,2949.69,2352.39,0.21875,261.973
163.136,0.186192,1874.09,2262.11,0.109375,65.2345
163.2,0.180453,2049.62,2213.06,0.104004,65.2392
163.264,0.168599,2543.71,2240.88,0.183105,62.7444
163.328,0.160366,2946.57,2280.2,0.236816,310.227
163.392,0.13706,2737.04,2377.83,0.297363,103.809
163.456,0.146766,3107.1,2332.19,0.289062,206.737
163.52,0.164892,2837.13,1904.45,0.285645,163.211
163.584,0.150906,2712.59,1982.2,0.310547,176.24
163.648,0.130315,3684.68,2214.04,0.411621,352.26
163.712,0.144845,3694.57,2351.68,0.370117,204.95
163.776,0.180066,2916.63,2217.52,0.204102,261.207
163.84,0.1807,2974.18,2101.52,0.241211,263.115
163.904,0.16672,2931.27,2307.63,0.236816,86.7593
163.968,0.158351,2013.99,2099.93,0.178711,197.811
164.032,0.122258,2237.46,1924.61,0.183105,197.699
164.096,0.121009,2044.75,1899.59,0.1875,261.832
164.16,0.148695,2531.86,1773.95,0.211426,262.901
164.224,0.181267,2883.94,2039.03,0.1875,261.906
164.288,0.214267,2462.91,2474.31,0.124512,65.2351
164.352,0.22734,2775.3,2470.27,0.12207,190.814
164.416,0.279697,1979.26,2048.89,0.104492,615.385
164.48,0.306328,1907.78,2013.14,0.0776367,615.385
164.544,0.240677,1348.75,1754.78,0.0776367,615.385
164.608,0.163618,1637.52,1927.01,0.0786133,206.826
164.672,0.127914,2298.89,2308.75,0.106934,207.504
164.736,0.130503,2866.04,2430.71,0.132812,615.385
164.8,0.178456,2392.04,2146.21,0.145996,279.058
164.864,0.235396,1949.84,2267.55,0.104004,213.131
164.928,0.240545,1951.15,2385.16,0.0478516,191.231
164.992,0.198864,1936.02,2063.28,0.0961914,243.089
165.056,0.188836,2368.89,2096.56,0.131348,262
165.12,0.172546,2135.89,2061.13,0.17041,261.673
165.184,0.150136,3084.89,2232.92,0.200195,199.533
165.248,0.181072,2376.8,2290.02,0.112793,232.899
165.312,0.213903,2100.89,2130.61,0.0512695,233.188
165.376,0.18934,2041.91,2239.64,0.0717773,232.759
165.44,0.164262,2530.33,2632.77,0.123047,231.365
165.504,0.167706,3279.4,2622.29,0.166504,141.688
165.568,0.158293,2956.31,2235.06,0.18457,131.063
165.632,0.163174,2904.2,2159.91,0.191895,262.682
165.696,0.172528,2215.1,2210.26,0.166504,262.311
165.76,0.152341,2744.04,2224.17,0.186035,238.476
165.824,0.125436,2668.29,2371.48,0.149902,265.117
165.888,0.14239,1730.63,1935.44,0.0600586,86.1946
165.952,0.159048,1430.74,1749.7,0.0463867,88.4884
166.016,0.152765,1210.01,1619.75,0.0473633,85.7128
166.08,0.122983,1187.71,1600.08,0.0532227,261.999
166.144,0.125377,2771.45,2256.19,0.154785,258.733
166.208,0.144989,3212.66,2221.32,0.229004,211.3
166.272,0.15575,2393.51,2360.94,0.140137,89.1504
166.336,0.141421,1792.18,2215.87,0.0795898,199.52
166.4,0.12098,2674.93,2470.37,0.0805664,97.1728
166.464,0.157808,1524.17,2116.61,0.0620117,193.322
166.528,0.179233,1642.72,1795.25,0.0800781,205.507
166.592,0.213991,1889.24,2184.69,0.081543,207.38
166.656,0.214995,2498.8,2558.55,0.0834961,193.44
166.72,0.170552,1922.24,2128.73,0.129883,207.398
166.784,0.170382,2022.24,2132.75,0.141602,207.544
166.848,0.163779,1715.32,2000.92,0.103027,207.223
166.912,0.16506,1332.81,1772.52,0.0683594,205.014
166.976,0.196408,1758.96,2021.89,0.0581055,196.665
167.04,0.251648,1429.61,1976.34,0.0341797,196.29
167.104,0.280056,1259.61,1776.16,0.03125,196.183
167.168,0.277208,1615.82,2058.67,0.0361328,195.652
167.232,0.236971,2232.5,2517.29,0.0581055,194.925
167.296,0.189139,2274.21,2430.04,0.0761719,195.79
167.36,0.202936,1707.45,2119.19,0.0610352,195.164
167.424,0.200678,1758.52,2100.91,0.0849609,196.188
167.488,0.157369,2843.93,2353.01,0.259277,195.518
167.552,0.123389,4139.32,2400.37,0.382324,98.1861
167.616,0.141981,2559.51,2324.84,0.250977,206.364
167.68,0.162598,2209.65,2079.85,0.130859,208.416
167.744,0.18791,1651.71,1886.27,0.100586,206.921
167.808,0.189882,1402.21,1791.92,0.0805664,198.414
167.872,0.190514,1321.27,1773.9,0.0546875,196.018
167.936,0.194197,1360.73,1667.93,0.0595703,196.726
168,0.191562,1582.89,1782.18,0.0869141,195.706
168.064,0.172173,2207.36,2170.03,0.126465,195.408
168.128,0.168338,2680.21,2348.62,0.135742,96.9824
168.192,0.201546,1618.25,1841.37,0.0864258,196.303
168.256,0.232972,1241.79,1563.93,0.0766602,200.206
168.32,0.237816,1025.21,1405.89,0.074707,207.38
168.384,0.223127,1062.14,1528.97,0.0708008,196.588
168.448,0.216947,1092.92,1632.81,0.0947266,196.119
168.512,0.195858,2965.75,2233.64,0.151367,193.041
168.576,0.180352,2789.48,2492.89,0.140625,194.481
168.64,0.158644,1424.04,1983.04,0.0673828,197.65
168.704,0.135992,1089.76,1635.39,0.0419922,198.688
168.768,0.118802,1089.03,1587.37,0.0566406,214.284
168.832,0.119929,1224.14,1651.13,0.0488281,85.5737
168.896,0.186359,1226.89,1777.98,0.0375977,89.0419
168.96,0.220197,1719.61,2224.82,0.0556641,200.603
169.024,0.194321,2107.24,2463.86,0.0620117,176.255
169.088,0.144247,1495.17,2040.13,0.0683594,65.157
169.152,0.113184,1515.34,1990.74,0.0761719,244.038
169.216,0.133478,808.234,1292.61,0.0581055,236.981
169.28,0.131511,926.286,1371.99,0.0537109,226.21
169.344,0.113941,988.958,1357.58,0.0629883,237.741
169.408,0.109124,1110.02,1426.59,0.0634766,484.657
169.472,0.14911,1261.77,1666.49,0.065918,490.402
169.536,0.22516,1972.79,2331.4,0.0551758,197.914
169.6,0.21729,2221.9,2552.03,0.0415039,190.243
169.664,0.174874,1563.46,2185.03,0.0361328,226.611
169.728,0.163726,1359.61,2116.72,0.03125,234.852
169.792,0.152015,1830.32,2146.77,0.123535,231.362
169.856,0.132049,3076.2,2252.01,0.238281,204.923
169.92,0.0760199,2816.68,2271.17,0.24707,241.224
169.984,0.119843,2481.44,2273.48,0.173828,75.5792
170.048,0.182659,1149.91,1651.14,0.0893555,244.095
170.112,0.191892,1446.46,1840.63,0.0874023,222.517
170.176,0.154153,2795.66,2527.38,0.243652,174.706
170.24,0.127033,4048.5,2490.73,0.333496,175.842
170.304,0.114781,2472.25,2454.42,0.21875,175.895
170.368,0.107911,2304.84,2338.29,0.192871,170.584
170.432,0.134646,2906.2,2270.21,0.222168,205.041
170.496,0.161206,2560.58,2294.11,0.187012,175.649
170.56,0.1701,2479.75,2222.02,0.169434,173.913
170.624,0.157126,2087.9,2119.24,0.162598,86.979
170.688,0.127258,2003.33,2087.53,0.158691,202.739
170.752,0.0807579,2180.7,2188.29,0.166992,207.509
170.816,0.0715069,2079.08,1997.42,0.158203,174.925
170.88,0.169969,2127.66,2040.22,0.120117,241.67
170.944,0.207674,1746.7,2008.96,0.108398,98.1823
171.008,0.159579,2713.58,2266.21,0.21582,196.33
171.072,0.105305,3194.46,2347.24,0.28125,212.937
171.136,0.0818919,2366.75,2104.66,0.202148,197.216
171.2,0.0773217,1927.48,1805.46,0.131348,197.554
171.264,0.138505,2312.2,1926.34,0.133789,285.393
171.328,0.205723,1735.33,2022.13,0.115723,190.882
171.392,0.217165,1868.39,2046.35,0.0839844,208.425
171.456,0.169215,1901.28,2162.36,0.0844727,208.826
171.52,0.138631,2168.69,2280.98,0.119141,208.025
171.584,0.134311,2943.42,2366.24,0.283203,205.724
171.648,0.103496,3826.57,2328.61,0.380859,243.402
171.712,0.21266,2617.75,2509,0.193848,242.756
171.776,0.298826,1542.49,1955.65,0.0351562,230.881
171.84,0.273011,1606.88,2033.08,0.0336914,232.606
171.904,0.19025,1944.23,2206.1,0.0712891,232.884
171.968,0.162646,2570.28,2207.76,0.0932617,238.874
172.032,0.158501,2526.8,2334.54,0.0742188,231.781
172.096,0.160746,1706.22,2109.36,0.0756836,234.893
172.16,0.184863,2492.4,2285.09,0.130371,221.016
172.224,0.222372,2734.41,2500.53,0.112305,86.6798
172.288,0.251431,1782.5,2324.45,0.0390625,256.37
172.352,0.234003,1602.74,1862.32,0.0473633,238.378
172.416,0.199148,1917.49,2151.78,0.065918,231.961
172.48,0.151566,2902.4,2548.55,0.119629,232.761
172.544,0.158042,3070.88,2583.42,0.134277,234.425
172.608,0.23732,1646.44,2245.48,0.0678711,206.433
172.672,0.275308,1332.95,1995.8,0.0395508,206.609
172.736,0.217553,2403.13,2294.78,0.123047,206.181
172.8,0.164339,2663.63,2457.35,0.14209,206.052
172.864,0.187416,1576.73,2000.26,0.0742188,196.553
172.928,0.192035,1147.71,1752.21,0.0610352,195.583
172.992,0.170506,1073.09,1781.49,0.0527344,192.096
173.056,0.14195,1069.95,1750.04,0.0498047,195.589
173.12,0.131535,1352.21,1953.71,0.111816,197.914
173.184,0.137519,3211.55,2089.55,0.227051,122.294
173.248,0.152604,3527.46,2424.91,0.233887,86.5994
173.312,0.15579,2057.64,2418.77,0.138672,215.514
173.376,0.153816,1715.28,1997.71,0.109375,92.1403
173.44,0.142392,2260.3,2271.84,0.109863,87.4093
173.504,0.138571,1786.52,2160.21,0.0668945,87.6238
173.568,0.17529,1831.04,2185.59,0.0664062,87.3564
173.632,0.199495,2411.37,2446.78,0.0961914,190.284
173.696,0.191931,2287.67,2491.01,0.0874023,182.916
173.76,0.198497,2226.76,2160.12,0.0639648,176.03
173.824,0.172409,2871.65,2469.26,0.143555,176.378
173.888,0.134769,2684.43,2646.92,0.244141,193.818
173.952,0.174927,2814.8,2607.43,0.175781,195.768
174.016,0.233645,1655.58,2113.82,0.0717773,198.984
174.08,0.277505,1345.41,1982.66,0.0463867,204.149
174.144,0.302214,918.537,1647.11,0.0361328,205.179
174.208,0.29705,1589.66,2229.55,0.0332031,203.954
174.272,0.249414,1804.94,2343.96,0.0473633,198.463
174.336,0.22305,1592.4,2144.27,0.0556641,216.762
174.4,0.208386,3156.5,2670.96,0.0800781,116.98
174.464,0.18489,2593.89,2597.26,0.12207,115.137
174.528,0.193,2489.72,2338.06,0.122559,195.76
174.592,0.200359,1878.88,2115.54,0.0810547,196.167
174.656,0.210242,1510.63,2036.94,0.0444336,116.869
174.72,0.192814,2342.43,2336.95,0.0649414,116.344
174.784,0.187461,2011.24,2369.99,0.0795898,203.851
174.848,0.212882,1515.98,2051.8,0.0581055,205.571
174.912,0.214128,1610.42,2094.86,0.0600586,207.063
174.976,0.180383,1873.02,2212.62,0.0859375,207.162
175.04,0.161179,1550.37,2002.09,0.143555,208.034
175.104,0.15242,2879.49,2292.14,0.16748,207.057
175.168,0.129138,1967.26,2231.86,0.100098,88.2711
175.232,0.134239,1122.08,1737.39,0.0419922,235.533
175.296,0.145806,882.309,1489.71,0.0454102,86.8142
175.36,0.174801,1762.71,2225.16,0.0800781,87.9054
175.424,0.193047,2279.81,2505.95,0.0878906,241.288
175.488,0.19508,2538.56,2267.71,0.112793,260.251
175.552,0.20349,2685.32,2263.92,0.112793,269.652
175.616,0.188433,1633.51,2037.38,0.0576172,87.5996
175.68,0.149634,1094.59,1556.84,0.0517578,217.098
175.744,0.129539,1034.56,1505.15,0.0629883,88.3832
175.808,0.120124,1062.11,1499.55,0.0600586,91.5612
175.872,0.124387,1065.9,1458.1,0.0551758,88.4818
175.936,0.187695,1715.45,2214.47,0.0571289,197.116
176,0.197423,2339.8,2618.86,0.0620117,178.144
176.064,0.151994,1434,2102.63,0.0761719,172.455
176.128,0.15484,3294.25,2659.33,0.158691,133.792
176.192,0.157787,3674.03,2751.08,0.233398,87.3825
176.256,0.189805,2803.75,2736.86,0.158691,227.337
176.32,0.264603,1669.18,2219.57,0.0600586,206.37
176.384,0.285743,1455.88,2079.61,0.0390625,219.011
176.448,0.27264,1220.57,1917.42,0.0371094,217.188
176.512,0.289375,1314.14,1965.48,0.0341797,213.281
176.576,0.265849,1746.08,2271.65,0.0463867,209.892
176.64,0.21968,1241.18,1966.75,0.0498047,213.659
176.704,0.211049,1934.87,2402.8,0.0708008,215.839
176.768,0.191797,2630.9,2707.62,0.13623,205.307
176.832,0.176814,2617.79,2290.32,0.165527,198.72
176.896,0.165147,2289.97,2186.01,0.141113,193.889
176.96,0.188307,1962.31,2226.35,0.0805664,195.015
177.024,0.21124,1361.93,1855.27,0.0463867,201.081
177.088,0.2258,1192.49,1699.53,0.0551758,192.744
177.152,0.232027,1169.97,1665.58,0.0595703,209.013
177.216,0.238293,976.167,1527.07,0.0546875,68.6142
177.28,0.26259,986.041,1555.77,0.0356445,65.2463
177.344,0.270509,880.458,1465.2,0.0322266,196.651
177.408,0.213753,2112.43,2140.83,0.108398,197.529
177.472,0.162551,2415.87,2331.43,0.123535,87.0998
177.536,0.191489,1314.71,1921.28,0.0537109,67.2337
177.6,0.202539,880.524,1491.55,0.0361328,253.307
177.664,0.204948,1339.01,1957.06,0.0473633,65.3357
177.728,0.170034,2096.58,2393.13,0.0898438,235.92
177.792,0.127317,2807.52,2528.42,0.183594,247.497
177.856,0.127062,2988.22,2039.22,0.246582,489.348
177.92,0.160347,2622.94,2300.94,0.157227,241.357
177.984,0.15013,960.949,1516.09,0.0620117,232.385
178.048,0.117063,1080.92,1485.21,0.0600586,229.691
178.112,0.121826,1184.63,1498.32,0.0732422,237.148
178.176,0.119357,1147.22,1474.45,0.0756836,244.526
178.24,0.167667,1394.95,1858.85,0.0693359,161.775
178.304,0.197663,2062.86,2326.86,0.0683594,188.485
178.368,0.162113,1735.73,2267.93,0.0878906,172.472
178.432,0.125263,3631.21,2522.54,0.286133,165.193
178.496,0.137908,4507.44,2340.58,0.45459,165.21
178.56,0.154778,3346.51,2764.81,0.297852,202.917
178.624,0.196325,2386.64,2441.53,0.111328,194.084
178.688,0.242503,1777.25,2192.26,0.0498047,197.031
178.752,0.232568,1732.26,2170.7,0.0385742,199.222
178.816,0.227041,1442.1,1973.55,0.0458984,200.4
178.88,0.227219,1907.63,2343.49,0.0595703,200.873
178.944,0.209855,1966.29,2299.24,0.0585938,196.231
179.008,0.209192,1504.33,2092.98,0.0463867,211.41
179.072,0.187351,2305.8,2505.57,0.118652,59.9251
179.136,0.180029,2865.92,2559.58,0.165527,195.004
179.2,0.20324,2423.5,2298.66,0.131836,196.162
179.264,0.19245,2137.14,2304.11,0.0927734,194.164
179.328,0.186872,1700.19,2195.43,0.0498047,59.9251
179.392,0.21562,995.823,1620.29,0.0322266,59.9251
179.456,0.236208,1589.58,1972.03,0.0439453,198.915
179.52,0.232764,2003.5,2259.99,0.0541992,204.245
179.584,0.184001,2152.77,2299.91,0.0629883,208.085
179.648,0.151563,2096.52,2275.38,0.0610352,211.009
179.712,0.158911,1949.76,2089.73,0.117188,212.103
179.776,0.166955,2609.64,2205.7,0.141602,205.751
179.84,0.194589,1583.5,2111.66,0.0737305,87.0685
179.904,0.19663,1456.16,1671.17,0.0917969,231.752
179.968,0.176501,2215.61,1884.83,0.1875,89.5485
180.032,0.175034,2211.64,1884.9,0.163574,261.532
180.096,0.157168,1662.44,1827.42,0.0932617,258.868
180.16,0.143186,2877.84,2091.68,0.200195,87.3954
180.224,0.169192,3150.69,2103.82,0.294434,262.102
180.288,0.169035,2560.46,2275.65,0.242188,261.91
180.352,0.152848,2670.37,2387.08,0.152344,235.744
180.416,0.171269,2489.57,2391.52,0.0961914,87.2381
180.48,0.171963,2333.01,2140.61,0.126465,261.584
180.544,0.187877,2496.97,2293.76,0.115234,86.9695
180.608,0.209803,1873.64,2165.37,0.105957,236.73
180.672,0.178983,2559.59,2266.82,0.205566,181.355
180.736,0.139181,2303.32,2006.99,0.227051,86.8989
180.8,0.126849,1946.58,1960.56,0.15332,130.191
180.864,0.145104,1401.48,1796.87,0.110352,85.4
180.928,0.152821,2926.84,2612.14,0.126465,208.189
180.992,0.186736,3073.62,2673.08,0.100098,231.972
181.056,0.201475,2016.81,2252.25,0.0742188,116.187
181.12,0.207412,2352.71,2210.23,0.0732422,231.174
181.184,0.245066,2010.03,2293.87,0.0708008,230.097
181.248,0.227308,2181.91,2289.37,0.0986328,183.404
181.312,0.180593,1743.35,2008.46,0.0883789,231.031
181.376,0.18821,2147.87,2167.38,0.074707,234.174
181.44,0.189257,1900.13,2310.95,0.105469,231.018
181.504,0.176545,2472.38,2092.88,0.143555,206.034
181.568,0.188383,2453.76,2246.41,0.130371,232.632
181.632,0.186005,2309.58,2042.28,0.136719,232.35
181.696,0.187469,2176.11,2241.7,0.118164,232.455
181.76,0.186206,2418.84,2408.4,0.11084,231.611
181.824,0.196907,2258.87,2355.48,0.130371,234.185
181.888,0.200599,1890.05,2062.61,0.137207,273.361
181.952,0.17428,2425.93,2130.19,0.180664,276.484
182.016,0.157697,2314.81,2166.28,0.184082,276.654
182.08,0.144512,2459.88,2057.77,0.200195,211.542
182.144,0.144589,2819.88,2143.63,0.240234,86.7676
182.208,0.156198,2915.11,2270.94,0.205078,86.9215
182.272,0.16816,3476.58,2565.99,0.20166,86.9139
182.336,0.152898,4267.53,2554.4,0.329102,86.9823
182.4,0.141771,4444.31,2464.88,0.365234,85.9946
182.464,0.152421,4255.74,2456.86,0.305664,87.0335
182.528,0.150188,3446.78,2228.81,0.275879,266.668
182.592,0.152252,3260.71,2536.65,0.19873,87.993
182.656,0.132086,1848,2261.83,0.128906,236.342
182.72,0.0958198,2179.38,2193.18,0.12793,90.4109
182.784,0.0919173,2358.34,2193.29,0.116211,266.917
182.848,0.098233,1885.78,2100.26,0.0864258,89.5694
182.912,0.171466,1356.71,1892.27,0.0737305,90.0213
182.976,0.201002,1533.25,2042.26,0.0917969,211.826
183.04,0.234465,1888.49,1976.57,0.0795898,258.373
183.104,0.286026,1476.46,1921.59,0.0390625,260.031
183.168,0.267248,1267.68,1798.9,0.0351562,260.478
183.232,0.216572,962.334,1530,0.0361328,242.274
183.296,0.230894,953.336,1491.84,0.0327148,248.21
183.36,0.244499,850.399,1405.93,0.0385742,241.394
183.424,0.209258,1172.45,1680.91,0.0493164,249.427
183.488,0.220829,1389.52,1844.91,0.0439453,255.108
183.552,0.236023,2088.41,2332.54,0.0478516,202.411
183.616,0.23279,1877.08,2233.2,0.0512695,222.405
183.68,0.260095,1610.77,2081.38,0.0375977,230.264
183.744,0.295408,1416.05,2006.46,0.0351562,232.542
183.808,0.254468,1813.6,2017.47,0.0917969,231.265
183.872,0.186071,2547.6,2240.79,0.137695,248.739
183.936,0.203863,2513.83,2307.58,0.110352,276.048
184,0.202932,2435.24,2315.09,0.0834961,276.578
184.064,0.187929,2691.54,2367.69,0.123535,276.861
184.128,0.188315,2800.36,2469.55,0.147949,138.273
184.192,0.18259,2408.66,2401.94,0.0908203,131.278
184.256,0.165764,2118.19,2227.54,0.0688477,129.659
184.32,0.141554,2047.65,2081.6,0.0795898,251.614
184.384,0.150124,1838.44,2026,0.129883,231.648
184.448,0.187056,2510.93,2239.88,0.12793,220.218
184.512,0.20197,1569.8,1987.49,0.0605469,87.6507
184.576,0.183145,1072.94,1557.81,0.0419922,87.228
184.64,0.188847,984.433,1434.9,0.0390625,86.6574
184.704,0.192957,1085.94,1450.87,0.0693359,87.3329
184.768,0.167799,1864.32,2018.02,0.10791,204.051
184.832,0.161585,2823.86,2159.37,0.199219,87.3098
184.896,0.151702,2982.91,2284.99,0.201172,86.0515
184.96,0.153173,1488.37,1951.67,0.0786133,86.9412
185.024,0.156949,1212.9,1632.78,0.0415039,65.9835
185.088,0.135948,1196.94,1539.21,0.0654297,257.855
185.152,0.110948,1281.57,1532.47,0.0654297,87.571
185.216,0.146981,2646.34,2308.93,0.128906,87.4398
185.28,0.178562,2811.42,2444.12,0.1875,202.552
185.344,0.171794,2492.11,2273.13,0.15918,87.4657
185.408,0.175572,2319.84,2149.57,0.124023,87.979
185.472,0.166369,2387.2,2200.81,0.0791016,86.9382
185.536,0.157102,1460.6,1861.22,0.0581055,87.4833
185.6,0.167029,1385.2,1711.99,0.0546875,201.325
185.664,0.211592,1107.22,1501.49,0.0439453,235.255
185.728,0.237233,931.855,1364.67,0.0292969,238.216
185.792,0.214187,2470.36,2218.29,0.121582,237.555
185.856,0.210829,2759.17,2371.27,0.154785,222.337
185.92,0.212041,2315.68,2361.89,0.0864258,222.216
185.984,0.197537,1767.32,2035.93,0.0761719,229.846
186.048,0.183921,1920.18,2156.74,0.0595703,222.586
186.112,0.182059,1619.3,1967.23,0.0996094,64.3162
186.176,0.160545,2786.74,2102.16,0.175781,202.26
186.24,0.144059,2333.69,2235.26,0.132324,63.9201
186.304,0.161138,1370.57,1765.63,0.0634766,65.6026
186.368,0.149528,1294.33,1642.42,0.0678711,65.4458
186.432,0.145288,1429.13,1708.84,0.0996094,230.294
186.496,0.157824,2044.89,1978.09,0.145996,129.954
186.56,0.181905,2090.57,1998.86,0.10498,65.5284
186.624,0.191301,1677.64,1972.49,0.0478516,65.3958
186.688,0.168465,1996.63,2108.53,0.129395,65.4378
186.752,0.153024,2696.93,2075.29,0.255371,66.7325
186.816,0.131579,3031.74,2100.84,0.327637,117.709
186.88,0.125948,2897.42,2008.79,0.324219,69.5916
186.944,0.156275,2678.94,1821.55,0.292969,495.497
187.008,0.156583,2530.07,1856.56,0.26416,348.435
187.072,0.122166,2578.68,1948.58,0.248535,349.18
187.136,0.130979,2990.08,2195.13,0.255371,348.807
187.2,0.176818,2280.01,1903.58,0.255371,348.635
187.264,0.166247,2644.65,1887.56,0.230469,348.53
187.328,0.179259,2558.69,1811.18,0.248535,348.79
187.392,0.224623,2482.74,1732.23,0.268555,347.904
187.456,0.190983,2597.72,1831.95,0.258301,349.47
187.52,0.129447,2591.75,1913.33,0.222656,349.369
187.584,0.13947,3199.56,2358.12,0.214844,348.665
187.648,0.175562,2898.3,2173.22,0.257324,349.978
187.712,0.187528,2911.04,1934.2,0.256348,349.184
187.776,0.154886,2569.44,1917.93,0.249512,348.329
187.84,0.10652,2406,1737.73,0.211426,348.591
187.904,0.173432,1826.28,1708.04,0.135254,348.627
187.968,0.208974,2149.48,1918.44,0.130371,357.467
188.032,0.183724,2411.77,1969.16,0.163086,391.164
188.096,0.191758,2137.55,1792.13,0.134766,391.207
188.16,0.203145,2083.48,1785.51,0.116699,391.162
188.224,0.185934,2519.05,1711.27,0.198242,392.233
188.288,0.175254,2887.92,1818.91,0.275391,410.209
188.352,0.183499,2784.05,1749.6,0.269531,411.749
188.416,0.181624,2766.01,1736.57,0.237793,393.425
188.48,0.171267,2230.15,1745.23,0.243652,196.603
188.544,0.175838,2623.8,1825.73,0.27832,347.3
188.608,0.195448,2711.54,1755.21,0.29248,348.825
188.672,0.198734,2642.82,1676.84,0.297852,348.816
188.736,0.186557,2397.62,1701.46,0.279297,350.89
188.8,0.187054,2453.88,1762.8,0.268066,348.631
188.864,0.198856,2646.45,1698.52,0.276855,350.219
188.928,0.208029,2594.65,1637.12,0.236328,347.824
188.992,0.210271,2817.87,1894.58,0.205078,347.555
189.056,0.172673,2956.77,2266.56,0.275879,175.011
189.12,0.126856,3190.83,2268.97,0.28418,243.253
189.184,0.130685,2520.53,2086,0.188477,87.0568
189.248,0.134117,2295.36,1897.81,0.160156,87.3607
189.312,0.139734,3475.49,2131.67,0.280273,86.6124
189.376,0.14773,3295.76,2287.17,0.310059,204.151
189.44,0.14932,2579.43,2145.62,0.218262,87.6515
189.504,0.145282,2736.63,1975.26,0.258301,87.5653
189.568,0.133572,3092.15,2261.55,0.26709,87.4119
189.632,0.121283,1600.36,1958.81,0.165527,205.949
189.696,0.100092,1777.52,1827.2,0.125488,201.738
189.76,0.0715494,1908.58,1696.22,0.171875,175.167
189.824,0.0558201,2021.35,1681.92,0.178711,174.936
189.888,0.123567,2528.26,2213.05,0.185059,174.603
189.952,0.198143,2277.43,2382.44,0.147949,202.645
190.016,0.206263,2083.7,2407.48,0.0766602,204.899
190.08,0.206473,1971.06,2227.96,0.065918,127.561
190.144,0.244482,1813.38,2268.49,0.0444336,233.691
190.208,0.239334,962.071,1582.46,0.0424805,232.924
190.272,0.21348,1483.08,1941.32,0.0488281,231.598
190.336,0.206804,1996.15,2413.14,0.0551758,233.626
190.4,0.230947,1909.55,2411.53,0.0507812,231.514
190.464,0.260993,1454.46,2169.81,0.0405273,232.274
190.528,0.237442,2000.01,2349.25,0.0615234,222.358
190.592,0.182,2314.53,2480.05,0.0898438,213.051
190.656,0.178788,2297.46,2157.61,0.090332,213.081
190.72,0.195784,2189.77,2275.16,0.0839844,234.684
190.784,0.172588,2638.15,2507.2,0.156738,233.232
190.848,0.150492,2847.33,2298.71,0.19873,205.961
190.912,0.163663,1949.55,2106.62,0.123047,238.538
190.976,0.188759,1717.38,1917.57,0.0644531,267.407
191.04,0.210051,1613.51,1955.63,0.0454102,277.539
191.104,0.212438,1257.5,1856.76,0.0454102,138.699
191.168,0.194404,1709.25,2222.56,0.0727539,138.711
191.232,0.190084,2188.69,2449.49,0.0927734,138.539
191.296,0.184688,2367.05,2463.62,0.0839844,138.459
191.36,0.16442,2155.21,2297.26,0.117188,277.525
191.424,0.140513,2953.45,2150.38,0.193359,92.5487
191.488,0.125348,2813.98,2420.28,0.156738,87.7317
191.552,0.142589,2281.04,2568.36,0.0717773,87.1993
191.616,0.161685,2207.38,2621.78,0.0585938,87.5157
191.68,0.182746,2012.25,2386.33,0.0512695,87.4782
191.744,0.177632,2052.78,2383.03,0.0546875,262.503
191.808,0.156571,2442.73,2200.14,0.128418,261.626
191.872,0.175271,2764.27,2285.51,0.137207,239.999
191.936,0.180103,1812.3,2139.14,0.0668945,205.35
192,0.159953,1265.05,1760.9,0.0585938,205.665
192.064,0.14647,1539.5,1739.48,0.0742188,207.137
192.128,0.122285,1632.79,1947.19,0.0668945,207.824
192.192,0.0990285,1293.54,1661.09,0.0498047,66.3468
192.256,0.189227,1915.19,2208.09,0.0546875,236.082
192.32,0.257016,1954.8,2377.39,0.0498047,191.017
192.384,0.2529,1459.74,2102.42,0.0356445,206.365
192.448,0.234831,1655.02,2246.02,0.0371094,208.885
192.512,0.215963,1176.29,1839.68,0.0478516,207.875
192.576,0.192298,1344.17,1800.03,0.0576172,207.153
192.64,0.1774,1670.74,2083.21,0.0546875,197.864
192.704,0.188447,1840.89,2221.13,0.0410156,204.092
192.768,0.168776,2029.52,2364.9,0.0566406,199.479
192.832,0.211365,1950.41,2303.48,0.0688477,197.221
192.896,0.247275,2494.79,2692.12,0.0561523,196.81
192.96,0.215302,1694.44,2308.58,0.0449219,66.2389
193.024,0.20152,1568.72,2212.69,0.0449219,65.7099
193.088,0.187998,1673.72,2207.45,0.0678711,65.185
193.152,0.164136,2482.71,2198.91,0.100586,201.58
193.216,0.170264,2679.27,2417.61,0.0839844,194.688
193.28,0.22205,1860.28,2232.01,0.0351562,197.617
193.344,0.239721,1518.07,2137.43,0.0292969,195.898
193.408,0.212394,1223.61,1864.44,0.0478516,197.615
193.472,0.189032,1366.86,2045.9,0.0571289,198.62
193.536,0.18533,2554.92,2477.17,0.0942383,65.3956
193.6,0.17287,3091.02,2684.75,0.116211,65.4835
193.664,0.165825,2961.14,2322.14,0.168945,65.6299
193.728,0.15831,3066.02,2254.22,0.26709,200.41
193.792,0.15185,2783.19,2251.81,0.211914,87.9291
193.856,0.154258,2276.86,2088.14,0.0991211,87.5022
193.92,0.1375,2088.81,2004.4,0.122559,87.6233
193.984,0.134974,3803.2,2046.43,0.279297,89.8182
194.048,0.153895,2989.97,2284.15,0.282227,204.888
194.112,0.158285,2432,2059.72,0.201172,227.69
194.176,0.144492,2929.39,1991.47,0.243652,242.204
194.24,0.130832,2893.84,2221.61,0.214844,88.1372
194.304,0.126657,2826.13,2464.26,0.199219,205.14
194.368,0.142773,2495.13,2555.8,0.165039,246.554
194.432,0.175426,2160.09,2492.65,0.0917969,323.629
194.496,0.20154,2004.19,2403.1,0.0834961,349.256
194.56,0.214636,1500.27,2138.55,0.0751953,349.123
194.624,0.221257,1820.94,2195.05,0.0776367,180.49
194.688,0.19952,1385.6,1793.57,0.09375,214.297
194.752,0.1488,2180.59,2277.57,0.174316,286.932
194.816,0.119368,3958.56,2573.2,0.309082,258.276
194.88,0.117568,2679.99,2661.14,0.270508,204.983
194.944,0.172412,1925.89,2187.21,0.119629,236.07
195.008,0.213871,1779.21,2100.76,0.0737305,232.922
195.072,0.205425,1732.66,1905.26,0.0976562,233.918
195.136,0.212266,1911.96,2057.36,0.109863,233.328
195.2,0.211857,1943.09,2246.78,0.09375,231.468
195.264,0.176328,1847.07,2116.74,0.0883789,231.603
195.328,0.164532,1833.54,2000.13,0.0878906,232.499
195.392,0.21212,1754.16,2044.87,0.0610352,233.176
195.456,0.211929,1918.92,2059.29,0.0961914,231.66
195.52,0.187196,2681.92,2227.04,0.108398,233.949
195.584,0.203539,1739.24,1931.16,0.0693359,233.268
195.648,0.194552,1589.49,1644.67,0.0859375,233.221
195.712,0.193694,1471.43,1778.74,0.0869141,233.306
195.776,0.191226,1307.85,1781.99,0.0825195,233.576
195.84,0.210329,1567.98,1846.6,0.0810547,135.65
195.904,0.23547,1525.99,1777.36,0.0820312,138.779
195.968,0.235964,1626.61,1762.03,0.0800781,277.388
196.032,0.209048,1595.16,1970.27,0.133789,277.187
196.096,0.176474,2582.9,2311.25,0.141602,199.639
196.16,0.183014,1691.72,2114.43,0.0673828,87.5044
196.224,0.187279,1335.81,1917.41,0.0444336,87.2126
196.288,0.204352,1177.18,1704.72,0.0415039,87.577
196.352,0.215958,1324.08,1845.13,0.0444336,261.753
196.416,0.190402,2073.13,2302.96,0.050293,262.547
196.48,0.177602,2698.58,2182.35,0.111328,262.17
196.544,0.197189,2441.74,2322.51,0.114258,213.251
196.608,0.177181,1443.09,1894.06,0.0595703,209.926
196.672,0.164,1641.62,1838.12,0.0776367,208.358
196.736,0.148328,1696.03,1916.66,0.100586,208.022
196.8,0.0930922,1838.06,2068.24,0.0898438,207.19
196.864,0.124431,1703.72,1934.18,0.0917969,69.1582
196.928,0.18373,2188.18,2291.93,0.100586,203.099
196.992,0.184375,2168.87,2446.91,0.0913086,190.643
197.056,0.128057,2725.31,2462.58,0.165039,68.0156
197.12,0.0789579,3504.18,2629.21,0.256348,68.4575
197.184,0.106203,2222.04,2506.01,0.191406,194.332
197.248,0.155069,1749.06,2056.45,0.0986328,199.216
197.312,0.183479,1734.14,1875.19,0.0849609,196.146
197.376,0.19456,1824.1,1966.8,0.0810547,205.315
197.44,0.209232,1832.88,2006.26,0.0942383,204.147
197.504,0.215442,1937.63,2272.89,0.0888672,197.98
197.568,0.201735,2407.61,2529.84,0.0698242,194.016
197.632,0.219953,1826.11,2158.3,0.0512695,65.8299
197.696,0.22661,2075.56,2284,0.0439453,65.2898
197.76,0.212089,1814.78,2111.57,0.0947266,198.731
197.824,0.210062,2712.16,2104.52,0.104492,202.133
197.888,0.22319,2075.74,2288.64,0.0507812,97.5201
197.952,0.202008,1211.92,1749.3,0.0317383,198.942
198.016,0.182167,1117.44,1489.85,0.0517578,66.3929
198.08,0.204114,1208.17,1513.19,0.0722656,66.1904
198.144,0.194787,1610.57,1776.26,0.0756836,67.242
198.208,0.18602,1349.19,1758.95,0.0668945,67.3337
198.272,0.188799,1252.92,1759.32,0.0410156,220.997
198.336,0.178077,2137.39,2083.03,0.119629,197.955
198.4,0.153323,2737.21,2268.17,0.205078,202.802
198.464,0.156406,2183.02,2166.2,0.152344,95.1416
198.528,0.181591,1676.03,1908.41,0.0820312,204.336
198.592,0.192887,1470.17,1842.41,0.0483398,202.644
198.656,0.191276,1391.09,1776.68,0.0522461,213.414
198.72,0.193423,1647.91,1931.1,0.0600586,227.377
198.784,0.198158,1774.84,2037.27,0.102539,87.3074
198.848,0.185729,2695.54,2121.54,0.166016,87.3493
198.912,0.163228,2514.94,2266.11,0.146973,87.1275
198.976,0.152476,1745.91,1950.93,0.130859,215.968
199.04,0.147236,2372.41,2279.47,0.159668,87.4572
199.104,0.164427,2138.63,2197.95,0.13916,87.1592
199.168,0.175623,1726.78,2091.82,0.0961914,87.0731
199.232,0.177916,2031.12,2232.92,0.0898438,86.4182
199.296,0.188208,2424.66,2502.2,0.0864258,177.223
199.36,0.169417,1874.37,2145.17,0.0888672,143.089
199.424,0.122609,2352.98,2338.39,0.14209,65.3091
199.488,0.128578,2873.6,2624.34,0.15332,134.274
199.552,0.148738,1610.1,2008.84,0.120605,204.756
199.616,0.19472,1598.45,1785.41,0.0859375,196.515
199.68,0.247543,1522.47,1844.8,0.0507812,215.512
199.744,0.270844,1329.01,1715.55,0.0419922,230.837
199.808,0.260819,1460.19,1913.77,0.0488281,220.949
199.872,0.238226,2098.92,2306.47,0.0546875,212.94
199.936,0.252014,1479.21,2040.55,0.0400391,230.27
200,0.247992,1596.87,1960.65,0.0478516,232.359
200.064,0.202166,3347.3,2599.82,0.125977,77.9919
200.128,0.169746,2831.85,2385.02,0.193359,216.351
200.192,0.201357,2274.06,2288.34,0.147461,205.672
200.256,0.228854,1847.55,2136.9,0.0869141,212.445
200.32,0.236119,1669.13,2055.44,0.0649414,215.644
200.384,0.232007,1207.29,1786.46,0.0439453,214.972
200.448,0.213896,1318.47,1793.19,0.0532227,198.048
200.512,0.206962,1375.41,1798,0.0766602,207.009
200.576,0.197141,1555.93,1928.41,0.0791016,196.189
200.64,0.177877,1498.01,1855.59,0.074707,196.855
200.704,0.174512,2008.82,2020.94,0.116699,197.656
200.768,0.181946,2395.35,2219.7,0.14209,88.7543
200.832,0.170502,1894.58,2111.84,0.104492,88.0058
200.896,0.141806,1500.49,1980.53,0.0668945,64.6057
200.96,0.115889,1986.72,2246.04,0.103027,63.0535
201.024,0.136988,2440.66,2392.71,0.151855,141.92
201.088,0.142569,3152.07,2524.8,0.194336,483.86
201.152,0.133041,3044.07,2099.01,0.260254,498.76
201.216,0.1517,3301.13,2392.83,0.269531,88.675
201.28,0.142022,2875.2,2659.92,0.250488,65.5737
201.344,0.114812,2804.14,2328.46,0.208496,220.609
201.408,0.12793,2551.95,2174.8,0.171875,485.141
201.472,0.168629,1849.94,2031.04,0.116699,202.949
201.536,0.20229,1727.98,2050.43,0.0668945,189.741
201.6,0.198368,1887.88,2126.1,0.0834961,189.932
201.664,0.213489,1887.02,2159.54,0.078125,71.8701
201.728,0.2224,1684.49,1930.22,0.0712891,197.264
201.792,0.161827,1979.68,2143.1,0.0932617,194.986
201.856,0.144491,1892.3,2093.89,0.156738,74.8055
201.92,0.159985,2597.53,2301.17,0.175781,219.079
201.984,0.136436,1946.75,1999.25,0.143066,242.794
202.048,0.102804,2035.26,2056,0.125488,244.818
202.112,0.152114,1460.33,1727.28,0.0844727,515.882
202.176,0.196614,1862.93,2134.4,0.090332,198.163
202.24,0.189901,1847.54,2174.44,0.0908203,65.0031
202.304,0.184237,1402.6,1842.35,0.078125,65.0295
202.368,0.177281,1722.08,1986.02,0.102539,258.925
202.432,0.177133,1833.92,2059.16,0.144531,255.97
202.496,0.148029,2743.75,2152.87,0.194824,217.69
202.56,0.150558,2752.74,2395.16,0.175293,204.443
202.624,0.189741,1254.82,1803.49,0.0893555,196.761
202.688,0.192154,1102.97,1715.08,0.0390625,198.345
202.752,0.200275,1202.23,1730.77,0.0522461,65.2336
202.816,0.205706,1944.86,2214.51,0.0610352,65.5378
202.88,0.206977,2358.58,2447.62,0.0737305,65.5015
202.944,0.193904,3250.09,2621,0.111328,65.168
203.008,0.163261,2361.62,2466.01,0.145508,65.9634
203.072,0.147642,2411.9,2116.31,0.160156,210.604
203.136,0.167647,1831.86,1979.42,0.121094,66.1488
203.2,0.188062,1588.15,1870.41,0.0820312,66.4614
203.264,0.178425,1613.98,1920.27,0.0869141,69.1311
203.328,0.172976,2016.81,2182.68,0.0786133,69.5728
203.392,0.204193,1822.55,2113.71,0.0600586,67.4966
203.456,0.203131,2237.48,2112.71,0.121582,65.8308
203.52,0.165453,2874.82,2167.8,0.166016,65.4178
203.584,0.156832,1764.08,2050.74,0.110352,88.2852
203.648,0.167081,1788.34,2138.36,0.0605469,201.477
203.712,0.188957,1541.42,1965.91,0.0424805,87.4745
203.776,0.19714,1381.26,1823.74,0.0395508,87.6873
203.84,0.162262,1384.61,1764.46,0.078125,88.2027
203.904,0.191579,1829.72,1999.98,0.0908203,204.068
203.968,0.227645,1872.94,2314.63,0.0512695,186.093
204.032,0.21666,2171.86,2419.13,0.0405273,194.286
204.096,0.205744,2191.95,2400.7,0.0683594,209.898
204.16,0.192466,1770.89,2155.99,0.0800781,214.24
204.224,0.212672,1711.1,2223.85,0.0595703,212.478
204.288,0.23685,1622.78,2131.1,0.0556641,215.954
204.352,0.260258,1617.21,2172.55,0.0507812,210.794
204.416,0.262209,1610.53,2166.86,0.0463867,211.037
204.48,0.242477,1960.01,2281.12,0.0581055,212.682
204.544,0.23304,2293.27,2457.62,0.0629883,201.009
204.608,0.21575,2067.45,2286.85,0.0673828,199.658
204.672,0.204212,2082.12,2308.36,0.074707,216.838
204.736,0.194295,2022.44,2233.91,0.090332,225.632
204.8,0.15816,2284.22,2008.13,0.162109,219.609
204.864,0.130381,2681.18,2247.77,0.174316,213.491
204.928,0.129591,2432.8,2284.62,0.129395,198.176
204.992,0.153027,2463.7,2299.11,0.109375,78.1494
205.056,0.197498,1605.88,2070.02,0.0732422,221.438
205.12,0.214562,1448.99,2091.95,0.0493164,77.4876
205.184,0.178687,1622.72,2106.01,0.0727539,74.1688
205.248,0.145378,1939.25,2222.65,0.0869141,78.3647
205.312,0.156618,1586.53,2050.93,0.0947266,191.201
205.376,0.160848,2190.49,2001.17,0.131836,204.249
205.44,0.13344,2494.82,2300.31,0.128906,205.463
205.504,0.121176,1757.41,2062.45,0.0766602,203.273
205.568,0.130347,1400.12,1866.65,0.0336914,187.49
205.632,0.152432,1638.5,2051.44,0.0488281,178.571
205.696,0.179072,1898.24,2117.64,0.0810547,218.465
205.76,0.160752,2199.56,2235.69,0.15332,523.326
205.824,0.132868,3117.37,2075.02,0.226074,497.534
205.888,0.151703,2573.71,2310.79,0.155762,86.6058
205.952,0.142656,1119.81,1614.01,0.0761719,88.4187
206.016,0.0904399,1276.17,1595.22,0.0820312,66.6011
206.08,0.0809616,1301.48,1524.62,0.0864258,257.519
206.144,0.0910359,1143.95,1363.18,0.0800781,510.978
206.208,0.187233,1738.26,2209.53,0.0786133,526.333
206.272,0.218932,2014.24,2399.5,0.0810547,197.648
206.336,0.17779,1874.36,2289.17,0.0732422,169.808
206.4,0.150948,1967.19,2333.78,0.0703125,173.905
206.464,0.146105,1327.59,1904.39,0.0668945,176.218
206.528,0.141657,1931.97,2063.16,0.150391,183.854
206.592,0.117117,2762.18,2074.05,0.223633,249.572
206.656,0.11423,2630.03,2093.01,0.222168,250.747
206.72,0.121091,2567.83,1921.6,0.268066,615.385
206.784,0.186437,2655.48,2077.68,0.199219,615.385
206.848,0.215818,1989.52,2221.16,0.0825195,194.388
206.912,0.179871,2148.63,2268.54,0.114746,184.878
206.976,0.157947,2564.29,2029.98,0.175781,174.734
207.04,0.161959,2467.77,2034.65,0.168945,183.369
207.104,0.159726,2323.77,2069.36,0.230957,197.637
207.168,0.143403,3162.22,1892.06,0.319336,191.766
207.232,0.116336,2854.76,1973.63,0.273438,66.3374
207.296,0.108542,2202.47,1934.78,0.166504,64.6669
207.36,0.154198,1683.05,1822.37,0.0942383,175.255
207.424,0.163559,1635.73,1972.96,0.09375,131.289
207.488,0.155658,1985.12,2003.19,0.0957031,64.6431
207.552,0.17593,1310.43,1724.75,0.0639648,66.0721
207.616,0.178524,2073.09,2138.69,0.112305,65.8295
207.68,0.160437,2715.07,2309.94,0.213867,66.2184
207.744,0.141678,2949.76,2154.08,0.235352,213.749
207.808,0.136706,2419.03,1958.22,0.188477,87.1105
207.872,0.12626,2031.33,1971.47,0.131348,87.5519
207.936,0.121087,3148.15,2127.83,0.255371,88.2737
208,0.140435,3234.23,2158.9,0.304199,89.2287
208.064,0.155995,2710.12,2010.75,0.211426,175.261
208.128,0.156343,2827.21,1995.99,0.240234,175.024
208.192,0.142011,2941.41,2134.01,0.23877,87.5805
208.256,0.145164,1832.18,1917.2,0.171875,227.959
208.32,0.147988,2460.2,1929.46,0.23877,204.928
208.384,0.123607,3702.79,2268.49,0.410156,276.526
208.448,0.139493,3748.5,2318.87,0.417969,296.239
208.512,0.177525,3637.53,2228.91,0.315918,348.54
208.576,0.209892,2571.41,2496.63,0.19043,189.851
208.64,0.227954,2227.02,2212.09,0.116211,175.618
208.704,0.222662,2712.44,2134.24,0.143555,175.828
208.768,0.20384,2831.83,2163.46,0.178711,175.168
208.832,0.182967,1854.93,1906.19,0.177734,348.169
208.896,0.174357,2517.46,2101.16,0.237305,188.969
208.96,0.175402,3142.9,2032.27,0.311523,415.69
209.024,0.173633,3166.2,2032.98,0.276367,418.191
209.088,0.160692,2551.1,1945.42,0.192383,393.389
209.152,0.214831,2829.05,2523.1,0.132324,229.834
209.216,0.227185,2853.09,2313.41,0.183105,196.059
209.28,0.180628,2356.16,2232.63,0.201172,196.615
209.344,0.159406,2931.47,2325.52,0.185547,196.131
209.408,0.155097,2302.97,2382.96,0.217285,120.178
209.472,0.158084,2859.9,2107.16,0.222656,202.878
209.536,0.150472,2594.44,2013.65,0.229004,276.853
209.6,0.169317,2306.99,1717.85,0.203125,276.823
209.664,0.195571,2149.18,1804.25,0.141113,278.348
209.728,0.20976,1574.85,1894.61,0.0874023,276.991
209.792,0.191147,2334.04,2226.59,0.111816,139.215
209.856,0.167358,1995.88,2228.38,0.10791,139.353
209.92,0.144925,1829.27,2010.73,0.0751953,244.849
209.984,0.152894,1498.63,1764.67,0.127441,138.921
210.048,0.18738,2523.57,2096.93,0.166992,217.758
210.112,0.246738,2382.8,2085.07,0.13623,175.974
210.176,0.236725,2156.27,2054.9,0.117188,347.392
210.24,0.16336,2098.34,2176.76,0.122559,173.603
210.304,0.159754,3360.56,2402.17,0.165039,172.717
210.368,0.173635,2787.07,2258.52,0.220215,174.249
210.432,0.176353,2752.21,2066.47,0.242676,174.112
210.496,0.162663,2722.73,2053.58,0.195312,87.4717
210.56,0.182762,1638.55,1967.05,0.0844727,87.1808
210.624,0.188027,1343.28,1745.75,0.0620117,227.028
210.688,0.201067,2141.47,2238.76,0.0732422,262.989
210.752,0.234656,2276.65,2360.97,0.050293,262.213
210.816,0.229537,1886.55,2137.73,0.0473633,262.526
210.88,0.242634,1619.81,2131.14,0.0556641,261.823
210.944,0.226819,1723.91,2115.67,0.0834961,183.286
211.008,0.178489,1774.15,1837.39,0.137207,65.4031
211.072,0.171463,2108.95,1953.34,0.168457,261.836
211.136,0.172896,1818.53,1810.18,0.158691,262.126
211.2,0.164899,1645.07,1727.89,0.183594,198.193
211.264,0.178972,2195.78,1913.68,0.208984,233.218
211.328,0.202112,2228.74,1912.84,0.179688,233.169
211.392,0.182988,2226.6,1906.54,0.191895,233.375
211.456,0.202333,2558.3,2382.56,0.168457,235.588
211.52,0.196484,2318.84,2464.79,0.122559,189.503
211.584,0.156448,2036.81,2220.89,0.114258,242.061
211.648,0.17029,2242.61,2391.28,0.11377,229.276
211.712,0.178895,2247.74,2225.35,0.155273,252.566
211.776,0.228923,2769.14,2215.56,0.16748,252.324
211.84,0.296311,2166.1,2104.09,0.114258,500.455
211.904,0.288572,2580.22,2337.87,0.090332,526.562
211.968,0.248975,2790.77,2291.82,0.112793,261.5
212.032,0.229017,2411,2233.37,0.113281,261.007
212.096,0.197927,2234.46,2208.31,0.106934,131.209
212.16,0.175841,2414.8,2231.14,0.130371,65.8329
212.224,0.17596,2625.16,2354.82,0.129883,65.7845
212.288,0.179735,3056.92,2194.84,0.236816,65.703
212.352,0.158268,3430.57,2224.14,0.382812,247.044
212.416,0.174191,3014.26,2019.56,0.341309,175.339
212.48,0.180132,2936.02,1977.46,0.264648,175.478
212.544,0.152697,2511.86,1985.58,0.297852,175.54
212.608,0.163556,4551.98,2010.28,0.437988,246.027
212.672,0.189095,3304.24,2085.31,0.413086,187.933
212.736,0.195349,2958.93,1965.67,0.285156,175.285
212.8,0.173183,3390.79,2132.33,0.27832,175.766
212.864,0.170612,2753.27,1986.03,0.230469,175.258
212.928,0.170087,1755.74,1889.02,0.147461,175.947
212.992,0.226816,2216.67,2150.74,0.111816,249.934
213.056,0.223271,3309.22,2511.99,0.188965,615.385
213.12,0.140559,2661.26,2224.03,0.23291,615.385
213.184,0.153512,2962.93,2135.41,0.251465,615.385
213.248,0.171887,3449.75,2602.58,0.246094,187.431
213.312,0.181169,2645.95,2202.39,0.206543,262.02
213.376,0.1714,2820.13,2207.12,0.210938,262.743
213.44,0.149959,3579.86,2498.62,0.280762,262.462
213.504,0.140079,2801.52,2556.28,0.286621,263.483
213.568,0.172564,2741.62,2329.87,0.168457,245.152
213.632,0.198094,3202.68,2544.3,0.13916,234.243
213.696,0.178815,3398.9,2369.67,0.28418,235.053
213.76,0.180909,4768.49,1970.65,0.447754,234.834
213.824,0.199926,3281.04,2505.49,0.302734,205.293
213.888,0.203329,2157.46,2192.09,0.116699,222.332
213.952,0.198938,2332.59,2251.9,0.127441,116.967
214.016,0.1746,3290.55,2349.57,0.23877,117.077
214.08,0.158377,3135.51,2367.36,0.350098,277.287
214.144,0.156535,3673.78,2205.63,0.380371,207.506
214.208,0.138373,3565.88,2244.7,0.339355,139.02
214.272,0.140677,3463.69,2105.71,0.323242,277.059
214.336,0.153456,3768.85,2013.93,0.351562,276.701
214.4,0.152962,3244.65,2233.1,0.288574,139.08
214.464,0.146635,2189.91,2195.88,0.188477,72.004
214.528,0.167255,3119.92,2391.26,0.190918,69.4858
214.592,0.175525,2850.79,2266.18,0.210449,277.172
214.656,0.166104,2650.66,2250.13,0.245117,111.267
214.72,0.178226,3144.84,2146.01,0.260742,266.298
214.784,0.189316,3019.07,2268.38,0.219238,261.201
214.848,0.179969,2930.88,2242.44,0.212402,261.932
214.912,0.15713,2630.14,2145.82,0.209473,262.334
214.976,0.157632,2510.35,2093.16,0.210449,262.21
215.04,0.159706,2896.6,2228.12,0.222168,262.321
215.104,0.166312,3446.27,2233.28,0.269043,262.284
215.168,0.172415,3038.58,2241.9,0.237793,263.589
215.232,0.162767,1963.5,2135.84,0.157227,262.461
215.296,0.172648,2418.68,2422.59,0.132812,261.159
215.36,0.256305,1985.22,2228.08,0.0913086,261.724
215.424,0.31013,1480.39,1792.85,0.0654297,521.23
215.488,0.273405,2283.28,2176.52,0.0776367,527.149
215.552,0.239131,2729.19,2457.23,0.0976562,260.608
215.616,0.232398,2079.8,2244.72,0.0942383,174.807
215.68,0.198534,2163.73,2279.57,0.090332,521.816
215.744,0.179182,2158,2386.15,0.074707,256.81
215.808,0.189108,1277.45,1830.72,0.0463867,234.575
215.872,0.219285,1506.85,2024.36,0.0522461,235.023
215.936,0.242434,1692.62,2068.54,0.0639648,251.768
216,0.233517,1964.13,2270.66,0.0654297,523.818
216.064,0.225067,2008.13,2293.01,0.0654297,524.419
216.128,0.216985,3071.86,2627.73,0.123535,523.715
216.192,0.203419,2516.87,2582.52,0.128418,65.8655
216.256,0.18623,1770.1,2246.03,0.107422,64.9166
216.32,0.149876,2837.37,2684.88,0.111328,255.474
216.384,0.12984,1947.73,2230.95,0.163574,65.5223
216.448,0.128457,3585.95,2134.64,0.292969,247.53
216.512,0.130095,2834.84,2256.35,0.217285,132.462
216.576,0.154678,1999.56,2252.45,0.0791016,66.2659
216.64,0.162839,2238.15,2472.74,0.0688477,131.585
216.704,0.15773,2240.7,2371.11,0.108398,262.376
216.768,0.164267,2352.25,2499.22,0.126465,67.0364
216.832,0.154271,2737.73,2551.44,0.131836,65.5834
216.896,0.138717,3556.18,2571.14,0.17041,65.5426
216.96,0.142408,3850.91,2394.72,0.303223,65.4596
217.024,0.131671,3384.25,2341.17,0.367188,254.086
217.088,0.141289,2825.38,2041.45,0.265137,86.2462
217.152,0.154259,2481.55,2095.08,0.160156,87.4804
217.216,0.143382,2110.65,2125.52,0.171387,245.533
217.28,0.156399,4035.2,2138.58,0.265625,227.153
217.344,0.18558,2563.51,2009.27,0.273926,272.281
217.408,0.193634,2579.82,1936.65,0.255371,174.777
217.472,0.173764,3095.11,2143.02,0.248535,175.292
217.536,0.156327,2497.73,1930.58,0.21582,87.8267
217.6,0.129291,1870.67,1837.25,0.185059,175.403
217.664,0.105569,2035.79,1701.25,0.170898,174.989
217.728,0.130866,1850.56,1590.65,0.122559,175.253
217.792,0.148687,1740.12,1550.29,0.0922852,174.943
217.856,0.157428,2886.57,2157.94,0.15918,175.022
217.92,0.156919,2661.43,2336,0.234863,177.244
217.984,0.140203,4143.53,2255.75,0.402344,151.193
218.048,0.115165,4558.84,2222.19,0.488281,101.202
218.112,0.107843,3403.46,2535.45,0.277344,87.3415
218.176,0.139939,1649.87,2139.71,0.103027,239.005
218.24,0.194829,1707.56,2337.17,0.0654297,98.7298
218.304,0.22973,1442.38,2160.5,0.0405273,197.203
218.368,0.226977,1428.75,2209.13,0.0292969,97.6624
218.432,0.215152,2513.39,2624.73,0.0966797,97.9954
218.496,0.218793,2798.4,2645.45,0.112793,98.2493
218.56,0.202915,1552.74,2183.25,0.0546875,197.377
218.624,0.175808,2345.64,2701.39,0.0478516,59.9251
218.688,0.177237,1240.38,1948.04,0.0483398,237.992
218.752,0.155953,2660.84,2263.03,0.186035,237.108
218.816,0.103394,3188.18,2189.63,0.322754,224.434
218.88,0.0648266,3650.01,2559.14,0.424805,122.461
218.944,0.0564589,4051.77,2445.12,0.421875,112.568
219.008,0.118882,3908.07,2110.6,0.310059,171.188
219.072,0.149688,2538.57,2343.88,0.288086,182.049
219.136,0.12125,4102.2,2313.78,0.394043,70.083
219.2,0.088335,4552.7,1986.9,0.515137,131.424
219.264,0.0913072,4253.89,2053.07,0.472168,75.3112
219.328,0.148862,2461.87,2234.42,0.299805,565.256
219.392,0.251782,2300.94,2193.43,0.105957,70.0185
219.456,0.306233,1644.35,2259.33,0.0439453,350.774
219.52,0.296504,1700.33,2359.43,0.0454102,175.77
219.584,0.273803,1665.1,2293.92,0.0463867,175.498
219.648,0.245955,1624.07,2184.71,0.0463867,175.218
219.712,0.210457,2054.94,2478.3,0.059082,175.935
219.776,0.16097,3344.26,2272.71,0.210449,176.67
219.84,0.115521,3055.6,2283.31,0.279785,66.9946
219.904,0.183905,1673.68,2025.12,0.131836,86.344
219.968,0.305856,1586.5,2051.83,0.0615234,238.241
220.032,0.32049,2195.86,2377.17,0.0683594,529.952
220.096,0.23957,1784.83,2129.7,0.074707,526.014
220.16,0.207966,1961,2058.16,0.113281,520.818
220.224,0.191725,3115.19,2453.48,0.159668,174.293
220.288,0.173783,3362.06,2634.01,0.175293,176.68
220.352,0.17749,4177.01,2492.09,0.212891,174.835
220.416,0.196133,2865.36,2591.37,0.162109,523.37
220.48,0.211572,1523.94,1987.48,0.0864258,523.9
220.544,0.198678,1676.98,2179.49,0.0839844,66.4788
220.608,0.187546,1761.48,2184.09,0.0717773,65.5339
220.672,0.177723,1759,2179.53,0.0732422,65.6082
220.736,0.181682,1582.87,2080.71,0.0771484,65.8297
220.8,0.189552,2980.36,2589.96,0.0922852,66.0183
220.864,0.202878,1938.78,2373.54,0.0854492,65.9719
220.928,0.196255,1681.92,2233.86,0.0683594,180.003
220.992,0.178728,1688.63,2258.69,0.0683594,180.064
221.056,0.178921,1749.64,2079.41,0.149902,536.495
221.12,0.169094,3069.12,2231.44,0.194824,179.228
221.184,0.185434,1963.41,2177.91,0.113281,175.141
221.248,0.206056,977.176,1394.47,0.0664062,177.412
221.312,0.179226,874.809,1292.37,0.0634766,175.878
221.376,0.160072,1854.16,2199.52,0.0820312,66.4187
221.44,0.165937,2610.06,2475.92,0.161133,65.751
221.504,0.153672,3834.72,2624.45,0.239258,254.561
221.568,0.154014,3129.83,2496.11,0.214355,268.701
221.632,0.155897,2538.08,2449.15,0.202148,251.417
221.696,0.139667,2926.42,2165.11,0.214844,98.7213
221.76,0.161648,2116.28,2196.46,0.141602,268.503
221.824,0.175238,1645.12,1948.39,0.0854492,141.691
221.888,0.176542,1639.23,2063.49,0.0732422,268.173
221.952,0.18714,1568.81,1959.07,0.0703125,135.98
222.016,0.176803,1150.02,1483.28,0.0688477,134.785
222.08,0.162996,1923.35,2077.32,0.115234,128.71
222.144,0.141613,2599.17,2195.08,0.23584,123.585
222.208,0.139571,3541.47,2499.98,0.297363,60.5273
222.272,0.126775,3367.31,2658.19,0.360352,196.899
222.336,0.175136,2804.75,2525.15,0.259277,238.918
222.4,0.219792,1241.04,1634.69,0.078125,120.687
222.464,0.192493,1152.86,1585.71,0.0722656,117.073
222.528,0.188946,2317.74,2433.57,0.103516,116.953
222.592,0.200948,2217.91,2466.27,0.102051,203.625
222.656,0.173939,1486.47,2079.91,0.0732422,223.767
222.72,0.149139,1872.86,2351.26,0.0766602,87.5614
222.784,0.144773,1160.81,1676.33,0.0766602,87.5523
222.848,0.1258,978.013,1519.74,0.0639648,101.783
222.912,0.158954,931.628,1364.34,0.0561523,137.883
222.976,0.22936,958.411,1516.55,0.0444336,138.821
223.04,0.25595,813.494,1287.99,0.0366211,138.914
223.104,0.25064,2181.23,2474.66,0.0717773,138.982
223.168,0.226456,2445.49,2594.47,0.0776367,97.5119
223.232,0.190678,1147.6,1756.39,0.0507812,92.9957
223.296,0.197973,1620.11,2207.21,0.0512695,139.646
223.36,0.213541,932.392,1451.02,0.0795898,138.998
223.424,0.187346,2981.73,2292.04,0.182129,69.5305
223.488,0.177006,2292.05,2150.23,0.186523,69.036
223.552,0.187148,1326.39,1639.53,0.100098,138.523
223.616,0.178172,1137.73,1285.75,0.0761719,138.8
223.68,0.183759,1040.02,1333,0.0522461,138.936
223.744,0.215152,1144.32,1730.68,0.0385742,139.847
223.808,0.257774,898.698,1286.29,0.0385742,139.232
223.872,0.262263,977.514,1409.15,0.0390625,139.4
223.936,0.239809,827.093,1058.55,0.0493164,139.627
224,0.2005,2304.66,2097.48,0.134277,69.9216
224.064,0.224948,2080.59,2084.77,0.130859,245.218
224.128,0.291692,1035.04,1599.73,0.0395508,116.398
224.192,0.308317,865.156,1446.32,0.0292969,116.855
224.256,0.301652,881.865,1465.97,0.0327148,116.904
224.32,0.271453,909.296,1510.09,0.0395508,116.709
224.384,0.22483,932.767,1491.05,0.0668945,116.852
224.448,0.196494,2660.04,2156.27,0.118164,117.173
224.512,0.205907,1945.28,2049.52,0.0961914,116.084
224.576,0.202697,1133.06,1593.53,0.0625,116.001
224.64,0.192916,1802.17,2168.55,0.0859375,118.472
224.704,0.231941,2825.47,2614.76,0.0844727,116.933
224.768,0.245095,2588.92,2473.33,0.0844727,116.765
224.832,0.236406,2462.35,2536.65,0.0825195,116.437
224.896,0.239688,2083.58,2364.11,0.0722656,225.845
224.96,0.239948,1701.43,2158.17,0.0600586,225.798
225.024,0.230812,1149.83,1683.94,0.0522461,116.991
225.088,0.210919,1056.01,1593.15,0.0532227,117.945
225.152,0.194149,940.672,1466.32,0.0478516,94.7254
225.216,0.189455,1428.71,1846.94,0.0722656,208.134
225.28,0.176758,2941.44,2399.02,0.15625,139.17
225.344,0.165762,2456.48,2522.97,0.17041,97.8679
225.408,0.232211,1969.17,2152.55,0.0874023,98.3642
225.472,0.287544,1406.96,2022.98,0.0415039,98.6864
225.536,0.269404,1016.29,1539.71,0.0463867,190.403
225.6,0.224393,1104.35,1488.38,0.0688477,196.021
225.664,0.206807,2324.36,1958.41,0.155762,98.3267
225.728,0.194048,2670.8,2001.37,0.275879,97.6446
225.792,0.200865,3318.93,1827.8,0.342773,98.1452
225.856,0.236822,2922.3,1952.24,0.234863,97.705
225.92,0.253211,1457.86,1679.28,0.0820312,97.0006
225.984,0.234655,1258.14,1581.39,0.0532227,97.6353
226.048,0.204855,1539.93,1738.2,0.0712891,98.2548
226.112,0.203109,1302.9,1624.81,0.0795898,98.1781
226.176,0.235033,919.378,1358.52,0.0620117,216.837
226.24,0.240984,1627.71,1729,0.0629883,98.3046
226.304,0.220978,1435.9,1715.87,0.114746,195.868
226.368,0.202285,2357.69,1977.4,0.130371,200.84
226.432,0.192008,1603.39,1806.21,0.0703125,109.759
226.496,0.194505,1249.93,1559.4,0.0493164,110.286
226.56,0.178908,1863.43,2105.52,0.130859,235.233
226.624,0.170237,3187.53,2253.04,0.181152,195.073
226.688,0.180451,1463.29,1906.81,0.104004,222.81
226.752,0.176216,2020.01,2123.3,0.11377,105.883
226.816,0.18034,2476.53,2168.38,0.139648,102.253
226.88,0.178508,1266.93,1739.35,0.104492,205.229
226.944,0.180325,1985.67,1923.18,0.102051,219.305
227.008,0.200295,1813.11,1970.84,0.10498,114.905
227.072,0.194251,2593.07,2360.37,0.135254,118.136
227.136,0.175619,2872.36,2536.24,0.203613,117.658
227.2,0.185203,3113.08,2597.8,0.246094,271.426
227.264,0.167283,3692.36,2493.07,0.288086,187.648
227.328,0.128909,3588.62,2422.16,0.300293,86.3735
227.392,0.146625,3423.44,2475.49,0.287109,205.075
227.456,0.162877,2710.5,2487.89,0.188965,109.675
227.52,0.167805,1209.86,1692.51,0.0708008,106.838
227.584,0.189111,1214.87,1691.13,0.0654297,256.903
227.648,0.22456,1373.21,2044.18,0.0478516,216.817
227.712,0.247375,899.649,1503.23,0.0302734,224.585
227.776,0.257105,1820.49,2388.37,0.0410156,230.376
227.84,0.241514,2180.98,2503.1,0.0517578,227.426
227.904,0.213835,1794.76,2385.67,0.0439453,59.9251
227.968,0.224931,1551.39,2305.04,0.0332031,233.594
228.032,0.221791,967.829,1635.22,0.0380859,233.802
228.096,0.176444,2406.07,2321.38,0.0996094,237.97
228.16,0.170606,2454.94,2356.79,0.102539,242.813
228.224,0.195473,1411.92,1881.6,0.0444336,77.5683
228.288,0.207903,945.527,1539.82,0.0356445,233.127
228.352,0.222141,912.222,1536.48,0.0371094,240.631
228.416,0.223529,1248.18,1978.34,0.0351562,241.144
228.48,0.25343,971.924,1700.51,0.0302734,77.1843
228.544,0.305238,888.849,1610.26,0.0288086,235.188
228.608,0.314724,747.482,1369.56,0.0375977,237.16
228.672,0.239921,2498.43,2254.16,0.137207,238.546
228.736,0.171979,2377.24,2314.9,0.147461,244.905
228.8,0.186641,1290.02,1870.44,0.0512695,85.9515
228.864,0.181443,1018.04,1634.81,0.0385742,87.0681
228.928,0.178976,934.994,1562.03,0.0458984,86.8397
228.992,0.181702,922.128,1497.07,0.050293,69.459
229.056,0.176852,865.606,1474.55,0.0874023,69.5251
229.12,0.150552,3186.75,2206.36,0.205078,69.8117
229.184,0.14225,2841.52,2409.03,0.198242,206.644
229.248,0.150326,1191.91,1736.07,0.0771484,219.488
229.312,0.170976,881.822,1380.17,0.0419922,213.482
229.376,0.196241,794.661,1326.67,0.0385742,66.9656
229.44,0.192835,992.876,1627.38,0.0405273,68.2018
229.504,0.180424,1435.86,2001.63,0.090332,69.1912
229.568,0.170265,3068.56,2508.09,0.157227,226.692
229.632,0.190873,2166.52,2516.97,0.123047,136.76
229.696,0.202559,1477.84,2061.35,0.0761719,292.369
229.76,0.201527,1533.84,1828.18,0.078125,149.774
229.824,0.171655,1599.01,2100.17,0.121582,153.793
229.888,0.15199,2590,2498.92,0.147949,104.781
229.952,0.177701,1609.62,1931.61,0.163574,69.0119
230.016,0.166856,3448.22,2535.15,0.242188,240.532
230.08,0.175745,3612.68,2513.59,0.242676,205.163
230.144,0.202229,2913.49,2574.44,0.145996,201.682
230.208,0.226389,1597.11,2116.88,0.074707,209.2
230.272,0.238413,1289.18,1781.67,0.0634766,231.618
230.336,0.24423,1187.62,1619.02,0.0678711,77.5866
230.4,0.228457,1606.27,1874.88,0.0966797,153.955
230.464,0.193347,2220.44,2055.31,0.109375,148.693
230.528,0.176636,2256.93,2244.61,0.107422,143.623
230.592,0.202434,2203.51,2334.75,0.101562,98.9229
230.656,0.205346,1657.26,1790.64,0.0727539,139.869
230.72,0.17989,1300.34,1781.07,0.0649414,96.5006
230.784,0.1888,1160.66,1733.99,0.0576172,65.4425
230.848,0.208034,1078.93,1618.45,0.0517578,130.488
230.912,0.210371,1152.08,1613.61,0.0566406,77.4071
230.976,0.17932,1952.42,2184.87,0.148438,78.3357
231.04,0.138514,3427.45,2363.22,0.303711,205.437
231.104,0.138909,3582.02,2491.91,0.304199,59.9251
231.168,0.194373,2133.2,2284.66,0.161133,220.272
231.232,0.211607,1625.65,1739.22,0.0991211,184.989
231.296,0.196709,1564.74,1736.55,0.0922852,70.1789
231.36,0.201371,1103.62,1544.7,0.0605469,69.6338
231.424,0.188734,1981.21,1977.08,0.131836,363.476
231.488,0.177186,2372.55,2035.04,0.154297,401.429
231.552,0.190076,1159.08,1648.76,0.0722656,137.76
231.616,0.193297,953.817,1500.34,0.0458984,69.1247
231.68,0.202011,1050.79,1586.7,0.0620117,281.915
231.744,0.191959,2437.08,2273.19,0.112793,68.1868
231.808,0.198291,2337.37,2380.51,0.108887,69.1006
231.872,0.256167,1526.71,2008.39,0.0673828,69.0703
231.936,0.269512,1270.68,1773.23,0.0649414,247.063
232,0.224595,1094.12,1588.29,0.0664062,176.8
232.064,0.201825,1052.08,1506.31,0.0664062,69.0619
232.128,0.20007,820.548,1165.64,0.0629883,86.7325
232.192,0.193937,780.519,1123.36,0.0551758,230.941
232.256,0.226277,747.393,1093.91,0.0424805,260.087
232.32,0.244682,725.01,1057.63,0.0317383,249.061
232.384,0.215276,807.458,1115.35,0.046875,113.602
232.448,0.20552,1565.22,1960.36,0.0610352,115.454
232.512,0.215553,1528.64,2072.44,0.0566406,189.066
232.576,0.190876,1135.15,1625.61,0.0556641,182.257
232.64,0.190046,1186.26,1655.06,0.0561523,115.88
232.704,0.200211,853.513,1176.54,0.081543,116.632
232.768,0.16937,2077.26,1749.58,0.154785,257.342
232.832,0.178854,1678.85,1782.24,0.131348,244.556
232.896,0.203759,970.46,1332.87,0.0522461,247.307
232.96,0.186996,916.216,1184.85,0.0488281,253.765
233.024,0.239817,829.114,1184.68,0.0571289,138.85
233.088,0.268649,1047.42,1558.89,0.0610352,474.337
233.152,0.214132,1041.34,1550.67,0.0629883,129.665
233.216,0.19192,1163.11,1544.12,0.065918,135.514
233.28,0.198472,960.059,1320.16,0.0693359,137.423
233.344,0.167688,2167.13,2167.63,0.13623,270.377
233.408,0.152082,2301.32,2226.92,0.151367,271.794
233.472,0.166342,1351.61,1751.75,0.0825195,259.516
233.536,0.168685,1407.29,1907.93,0.0585938,66.7209
233.6,0.177117,934.131,1429.57,0.050293,68.2799
233.664,0.212984,786.541,1251.53,0.0419922,67.2658
233.728,0.244072,737.554,1303.42,0.0463867,66.4161
233.792,0.238129,2214.77,2229.97,0.074707,66.2423
233.856,0.242949,1912.42,2246.37,0.074707,129.635
233.92,0.247708,1126.62,1736.59,0.0532227,264.156
233.984,0.236703,1143.99,1762.2,0.0537109,126.407
234.048,0.245645,1023.1,1559.28,0.0541992,64.6868
234.112,0.258216,908.244,1473.81,0.0498047,128.287
234.176,0.280438,1231.54,1808.64,0.0629883,239.439
234.24,0.251171,2316.78,2482.91,0.101562,229.46
234.304,0.21445,2938.08,2651.42,0.103516,133.315
234.368,0.247726,1811.08,2322.15,0.0610352,129.929
234.432,0.26259,1236.02,1632.39,0.0556641,113.094
234.496,0.244141,950.992,1335.62,0.0625,134.628
234.56,0.273112,844.093,1310.45,0.0405273,225.906
234.624,0.277822,742.407,1178.35,0.0375977,227.728
234.688,0.227373,986.238,1385.58,0.0678711,220.46
234.752,0.225003,2328.77,1916.45,0.114258,208.126
234.816,0.248517,2157.21,2212.38,0.097168,219.805
234.88,0.239481,1620.95,1973.04,0.0673828,199.894
234.944,0.219679,1281.2,1663.45,0.0668945,223.361
235.008,0.234481,948.677,1364.3,0.046875,102.338
235.072,0.227023,1408.77,1750.02,0.0927734,66.1969
235.136,0.212229,2233.69,2016.86,0.113281,202.474
235.2,0.220282,1312.27,1738.16,0.0615234,65.7015
235.264,0.22808,1178.03,1717.31,0.0449219,250.163
235.328,0.221175,1900.05,2129.84,0.0668945,241.578
235.392,0.212593,1656.6,1966.69,0.0761719,250.224
235.456,0.216939,1295.58,1779.85,0.0585938,215.27
235.52,0.24397,844.488,1293.52,0.0454102,236.776
235.584,0.250542,688.586,1126.79,0.0390625,244.567
235.648,0.215631,1307.68,1605.5,0.118652,241.356
235.712,0.169078,2533.69,2006.62,0.180664,283.768
235.776,0.164692,1815.27,2000.28,0.105957,223.558
235.84,0.18758,966.453,1409.57,0.0581055,215.225
235.904,0.190254,910.026,1247.22,0.0581055,214.424
235.968,0.193433,764.559,1160.06,0.0463867,201.394
236.032,0.198467,724.449,1149.32,0.0488281,181.415
236.096,0.186039,2362.7,2060.48,0.160645,87.0342
236.16,0.155373,2776.97,2017.89,0.213867,102.051
236.224,0.13143,1759.55,1947.8,0.12207,103.602
236.288,0.11139,1278.3,1600.33,0.0820312,535.834
236.352,0.134425,1794.62,1728.65,0.0991211,68.7913
236.416,0.154801,1719.87,1794.57,0.100098,497.343
236.48,0.140464,3237.83,2413.1,0.280273,102.079
236.544,0.153412,3707.27,2158.09,0.384766,103.22
236.608,0.168397,2528.08,2098.18,0.22168,59.9251
236.672,0.16726,1992.97,1844.63,0.161133,143.097
236.736,0.175497,2078.25,1721.14,0.190918,157.622
236.8,0.186928,1723.51,1522.8,0.173828,158.078
236.864,0.181741,1827.74,1632.96,0.158203,615.385
236.928,0.167448,1861.74,1652.85,0.149902,133.356
236.992,0.174633,1526.16,1467.35,0.0981445,136.673
237.056,0.176447,1531.94,1510.18,0.0893555,273.462
237.12,0.205732,2391.12,2287.84,0.106445,270.892
237.184,0.219848,1938.37,2159.43,0.090332,250.202
237.248,0.20289,1447.28,1888.01,0.0581055,254.056
237.312,0.199959,1266.31,1765.63,0.0498047,115.839
237.376,0.194664,997.03,1413.16,0.0820312,250.52
237.44,0.172913,2801.64,2088.93,0.164551,247.432
237.504,0.167506,2253.34,2063.42,0.14502,512.306
237.568,0.172415,1414.27,1617.21,0.0688477,517.973
237.632,0.16554,1076.44,1335.77,0.0683594,511.817
237.696,0.189928,1415.1,1675.38,0.0800781,259.584
237.76,0.202135,1425.01,1778.86,0.0771484,511.512
237.824,0.18232,1123.04,1526.59,0.0644531,505.802
237.888,0.175103,1184.39,1596.74,0.0654297,521.325
237.952,0.170803,1017.53,1369.4,0.112305,261.553
238.016,0.140669,3181.86,2136.76,0.224609,531.891
238.08,0.165032,2403.3,2080.29,0.20459,501.414
238.144,0.196368,1797.47,1899.31,0.168945,403.282
238.208,0.179607,4113.61,2054.68,0.362305,184.786
238.272,0.143429,4031.49,1932.14,0.418457,87.4055
238.336,0.154262,2766.23,2249.42,0.222656,129.346
238.4,0.199019,1398.28,1706.61,0.117676,491.394
238.464,0.193431,2669.58,2125.5,0.136719,502.309
238.528,0.160682,2536.94,2154.12,0.141602,265.552
238.592,0.142526,2242.95,2183.86,0.162598,522.683
238.656,0.173565,1916.76,2030.62,0.129883,175.351
238.72,0.190077,1119.51,1650.87,0.0556641,76.4972
238.784,0.199376,870.353,1358.89,0.0532227,221.516
238.848,0.228031,1396.17,1846.35,0.0849609,240.541
238.912,0.218241,2029.9,2159.15,0.0908203,471.728
238.976,0.170607,1818.56,2128.08,0.116211,188.879
239.04,0.184962,2897.59,2488.42,0.145508,185.643
239.104,0.207277,1560.28,1966.47,0.097168,495.119
239.168,0.182606,1449.09,1879.74,0.081543,120.281
239.232,0.194481,1372.26,1667.05,0.0913086,511.386
239.296,0.202568,1518.36,1671.96,0.0849609,246.959
239.36,0.188624,1878.62,1824.09,0.130371,262.063
239.424,0.196647,3590.03,2034.47,0.230957,262.87
239.488,0.201907,3521.11,2242.9,0.283203,179.837
239.552,0.185356,3850.13,2050.48,0.325684,185.592
239.616,0.170387,3789.18,2023.73,0.388184,65.4433
239.68,0.169259,3613.95,1936.74,0.401367,66.043
239.744,0.162194,2734.74,2136.43,0.352539,270.87
239.808,0.138829,3057.85,1995.07,0.280762,188.99
239.872,0.130351,2552.68,2058.08,0.198242,66.0949
239.936,0.138138,1959.76,1931.53,0.119629,65.8337
240,0.156404,1825.72,1851.51,0.125977,66.5695
240.064,0.174679,2623.76,2005.46,0.174316,506.992
240.128,0.175458,2367.62,2047.91,0.178711,65.7033
240.192,0.174921,2268.87,1942.56,0.17041,65.491
240.256,0.167587,2110.03,1822.78,0.167969,66.5508
240.32,0.165323,2175.48,2016.61,0.206543,66.7142
240.384,0.16439,2794.64,2089.57,0.235352,204.398
240.448,0.149727,2161.17,1908.34,0.194824,245.923
240.512,0.145347,2008.59,1769.09,0.160645,134.722
240.576,0.141741,1881.88,1711.61,0.149902,87.8937
240.64,0.135952,1665.07,1605.02,0.123535,90.113
240.704,0.127679,1694.99,1666.27,0.09375,65.2158
240.768,0.126959,2886.61,2151.64,0.212402,87.3454
240.832,0.127333,3114.44,2090.61,0.281738,500.614
240.896,0.13089,1857.92,1867.82,0.177734,178.767
240.96,0.120654,1804.48,1710.05,0.131836,576.845
241.024,0.109195,1689.73,1662.72,0.123535,511.652
241.088,0.126264,1691.91,1698.49,0.109863,226.475
241.152,0.123437,1831.28,1841.17,0.145508,77.8784
241.216,0.153062,3190.29,2446.05,0.176758,103.648
241.28,0.197516,2126.29,2258.2,0.131348,176.013
241.344,0.202434,1484.67,1876.59,0.0737305,199.52
241.408,0.181631,2050.1,2348.71,0.120117,202.294
241.472,0.15371,3375,2575.46,0.219727,89.9559
241.536,0.186871,2357.51,2414.04,0.172363,202.267
241.6,0.203616,1471.65,1744.64,0.09375,526.694
241.664,0.181227,1664.38,1825.19,0.0981445,76.2393
241.728,0.174417,3698.07,2286.04,0.317383,116.838
241.792,0.18453,3668.33,2386.01,0.369629,119.422
241.856,0.202835,2501.28,2398.3,0.15332,193.311
241.92,0.204329,1872.39,2041.9,0.0932617,59.9251
241.984,0.213159,1539.71,1864.07,0.0629883,234.994
242.048,0.214866,1079.04,1543.79,0.0771484,234.287
242.112,0.199021,2671.59,2178.42,0.126953,219.011
242.176,0.182225,2070.15,2156.05,0.191406,221.571
242.24,0.163454,4459.72,2274.36,0.343262,219.77
242.304,0.171096,2402.1,2216.72,0.268066,222.389
242.368,0.174889,1802.05,1860.16,0.110352,103.315
242.432,0.159351,1725.99,1819.91,0.109375,70.2484
242.496,0.142445,1698.91,1684.55,0.117676,70.4059
242.56,0.106314,1809.34,1701.03,0.139648,181.224
242.624,0.11187,2712.71,2042.13,0.224609,143.491
242.688,0.150848,3305.98,2235.08,0.289062,205.016
242.752,0.175594,2475.78,2020.47,0.205566,175.116
242.816,0.169212,2038.5,1888.13,0.152832,87.1591
242.88,0.152088,1936.46,1888.97,0.1875,87.4417
242.944,0.178883,3700.96,1970.91,0.263184,87.41
243.008,0.195279,2517.87,2013.09,0.249512,176.037
243.072,0.184915,2391.79,1991.55,0.238281,174.611
243.136,0.177235,3250.57,2102.93,0.26123,174.696
243.2,0.17895,2343.79,1959.19,0.174316,87.2066
243.264,0.15805,1502.42,1647.9,0.165527,87.2255
243.328,0.148097,1920.93,1717.89,0.169922,174.388
243.392,0.147138,1698.23,1658.87,0.113281,175.076
243.456,0.119429,1775.22,1667.07,0.11084,174.815
243.52,0.148604,2532.51,2335.86,0.14502,175.24
243.584,0.200579,2446.15,2319.88,0.139648,181.296
243.648,0.223199,1399.7,1684.24,0.0859375,118.144
243.712,0.200449,1264.92,1446.32,0.0727539,118.306
243.776,0.171582,1521.73,1650.41,0.100586,231.983
243.84,0.158232,2687.29,2312.49,0.23291,117.811
243.904,0.15543,2920.65,2281.92,0.258301,271.743
243.968,0.16151,1828.31,1818.36,0.160645,66.4932
244.032,0.157547,1983.63,1684.17,0.137695,130.861
244.096,0.180096,1966.94,2107.57,0.115723,127.622
244.16,0.199651,2623.08,2488.28,0.0961914,63.925
244.224,0.223715,1866.37,2197.79,0.0639648,87.951
244.288,0.234933,1331.41,1937.17,0.0380859,64.8565
244.352,0.204312,1011.51,1597.65,0.0405273,65.1024
244.416,0.162505,2124.64,2164.72,0.154297,66.6054
244.48,0.135376,2803.55,2108.19,0.233887,105.467
244.544,0.127833,2001.93,1998.79,0.141113,65.7343
244.608,0.131819,1157.08,1522.67,0.0722656,66.2711
244.672,0.146241,1024.82,1342.05,0.0683594,255.381
244.736,0.160024,1371.38,1834.34,0.0664062,514.477
244.8,0.186559,1011.4,1593.49,0.0512695,65.5792
244.864,0.189632,1270.09,2006.92,0.0454102,65.1167
244.928,0.165652,781.021,1438.82,0.0458984,64.9196
244.992,0.153144,2408.33,2325.79,0.166016,65.6388
245.056,0.126682,3338.48,2194.8,0.299805,615.385
245.12,0.0997397,2665.73,2222.53,0.212891,183.863
245.184,0.0958699,1398.41,1787.19,0.0820312,133.547
245.248,0.0974291,890.936,1342.76,0.0571289,87.5877
245.312,0.128745,1026.04,1194.39,0.0673828,131.989
245.376,0.127257,1023.83,1340.22,0.0722656,130.242
245.44,0.118024,3415.46,2265.81,0.208984,130.983
245.504,0.128475,3275.71,2205.79,0.286133,503.781
245.568,0.113564,2023.9,2122.54,0.165527,87.9129
245.632,0.130059,1503.74,1725.95,0.0830078,101.836
245.696,0.148332,1252.88,1565.51,0.0620117,104.484
245.76,0.194192,1090.04,1360.99,0.0615234,139.136
245.824,0.209267,942.841,1263.96,0.0703125,535.538
245.888,0.185469,2633.69,2398.88,0.11084,218.926
245.952,0.223193,2132.43,2274.03,0.0927734,225.47
246.016,0.255056,1693.16,1937.34,0.0356445,116.232
246.08,0.228791,1500.75,1899.04,0.0478516,116.848
246.144,0.181125,1187.76,1695.24,0.0605469,126.461
246.208,0.155093,1402.1,1879.87,0.0678711,192.906
246.272,0.175011,1617.9,1917.38,0.0751953,128.074
246.336,0.17234,1792.58,1996.94,0.0810547,249.009
246.4,0.130519,1942.4,1995.71,0.103516,248.313
246.464,0.16461,3063.12,2427.42,0.154785,225.408
246.528,0.204856,2533.98,2445.73,0.125488,194.584
246.592,0.241104,1514.96,2033.68,0.043457,230.291
246.656,0.284694,1050.88,1746.51,0.0288086,232.468
246.72,0.252747,1064.51,1604.88,0.0786133,232.548
246.784,0.168947,2838.34,2116.15,0.196289,219.888
246.848,0.146905,2585.64,2125.21,0.181641,242.036
246.912,0.167456,1477.76,1719.75,0.0922852,235.523
246.976,0.167073,1411.89,1691.12,0.106445,76.9772
247.04,0.164503,2814.64,2162.29,0.156738,235.726
247.104,0.167481,1886.04,2053.41,0.140137,69.4782
247.168,0.172567,1635.33,1858.28,0.0800781,133.569
247.232,0.201936,1242.48,1705.49,0.0498047,123.005
247.296,0.187644,1777.71,2098.05,0.109863,235.89
247.36,0.154666,3027.78,2197.51,0.189453,207.896
247.424,0.170173,2261.49,2179.01,0.133789,127.045
247.488,0.16867,1653.61,2002.47,0.065918,127.467
247.552,0.167165,1502.43,1903.93,0.0517578,127.27
247.616,0.169405,1951.06,2266.74,0.074707,130.223
247.68,0.158667,2032.94,2138.08,0.103027,129.911
247.744,0.161428,2021.28,2079.42,0.147461,129.354
247.808,0.152359,3020.24,2212.31,0.208984,259.736
247.872,0.144981,2262.24,2104.08,0.166992,87.4706
247.936,0.143645,1208.16,1528.27,0.0893555,87.0749
248,0.147256,1472.06,1792.21,0.0678711,419.824
248.064,0.147151,2727.23,2250.26,0.193359,69.2186
248.128,0.139359,4071.47,1988.78,0.382812,411.047
248.192,0.153921,3236.68,2234.1,0.327148,456.21
248.256,0.151312,2673.11,2378.97,0.180664,179.897
248.32,0.126972,2042.99,2119.14,0.135254,172.055
248.384,0.101963,2390.44,2411.47,0.122559,172.83
248.448,0.105799,1783.16,2014.1,0.104492,66.8717
248.512,0.105926,816.001,1183.19,0.0737305,67.6025
248.576,0.0771064,1075.27,1469.84,0.0698242,176.844
248.64,0.104633,1739.01,1953.16,0.09375,87.7163
248.704,0.113047,1691.8,1858.44,0.117676,615.385
248.768,0.148982,2475.61,2373.42,0.133301,105.011
248.832,0.186505,2245.98,2357.24,0.118164,97.8204
248.896,0.179099,1671.23,2040.46,0.0722656,64.2763
248.96,0.201631,1224.51,1604.76,0.0693359,65.4076
249.024,0.215983,1252.69,1420.41,0.0898438,343.124
249.088,0.179052,2232.13,2221.46,0.158203,131.144
249.152,0.159181,2269.29,2047.39,0.163086,216.065
249.216,0.180087,1328.69,1587.42,0.0844727,599.301
249.28,0.166262,1189.87,1513.61,0.0751953,99.3024
249.344,0.158928,1631.38,1809.69,0.0927734,226.117
249.408,0.196302,1306.38,1739.59,0.0737305,63.8862
249.472,0.227113,1179.91,1632.47,0.0400391,129.033
249.536,0.216195,2290.72,2190.91,0.118652,65.3269
249.6,0.186885,3539.22,1985,0.30127,65.7501
249.664,0.158449,2811.35,2208.87,0.348633,301.12
249.728,0.11828,3198.43,2115.27,0.304688,198.33
249.792,0.115833,2654.84,2110.19,0.206543,66.4862
249.856,0.132106,1780.22,1906.54,0.0751953,88.2363
249.92,0.141377,1417.43,1737.05,0.0483398,65.5392
249.984,0.151243,1108.17,1419.58,0.0576172,130.11
250.048,0.140713,1134.54,1526.24,0.0893555,131.058
250.112,0.131344,3403.13,2333.43,0.277832,64.7365
250.176,0.136001,3895.12,2113.21,0.455078,501.964
250.24,0.141572,2985.47,2412.73,0.361816,502.971
250.304,0.170699,2309.06,2178.69,0.170898,100.411
250.368,0.175378,1711.55,1915.42,0.0854492,74.3351
250.432,0.179705,1533.03,1877.21,0.0722656,228.442
250.496,0.166268,1434.09,1871.39,0.0966797,246.368
250.56,0.1485,2982.82,2453.37,0.144531,252.126
250.624,0.163082,2235.15,2256.68,0.125,173.944
250.688,0.181632,1852.99,2112.78,0.0678711,74.7273
250.752,0.17427,1376.4,1878.95,0.0561523,222.76
250.816,0.101823,1368.99,1836.79,0.0371094,224.418
